Workbook

Sheet OCAK
A2: Saat | B2: Işıma (W/m2) | C2: Sıcaklık (oC) | D2: Modül Alanı (m2) | E2: Modül Verimi | F2: Modül Sayısı | G2: Sıcaklık Katsayısı | H2: Sıcaklık Farkı | I2: İnverter Verimi | J2: Üretilen Güç (kW)
A3: 0 | B3: 0 | C3: 5 | D3: 2.7 | E3: 0.2404 | F3: 400 | G3: 0.3 | H3: =(C3-25)+IF(C3<25,-C3+25) -> 0 | I3: 0.983 | J3: =B3*D3*E3*F3*I3/1000*(100-G3*H3)/100 -> 0
A4: 0.041666667 | B4: 0 | C4: 4 | D4: 2.7 | E4: 0.2404 | F4: 400 | G4: 0.3 | H4: =(C4-25)+IF(C4<25,-C4+25) -> 0 | I4: 0.983 | J4: =B4*D4*E4*F4*I4/1000*(100-G4*H4)/100 -> 0
A5: 0.083333333 | B5: 0 | C5: 4 | D5: 2.7 | E5: 0.2404 | F5: 400 | G5: 0.3 | H5: =(C5-25)+IF(C5<25,-C5+25) -> 0 | I5: 0.983 | J5: =B5*D5*E5*F5*I5/1000*(100-G5*H5)/100 -> 0
A6: 0.125 | B6: 0 | C6: 4 | D6: 2.7 | E6: 0.2404 | F6: 400 | G6: 0.3 | H6: =(C6-25)+IF(C6<25,-C6+25) -> 0 | I6: 0.983 | J6: =B6*D6*E6*F6*I6/1000*(100-G6*H6)/100 -> 0
A7: 0.16666667 | B7: 0 | C7: 4 | D7: 2.7 | E7: 0.2404 | F7: 400 | G7: 0.3 | H7: =(C7-25)+IF(C7<25,-C7+25) -> 0 | I7: 0.983 | J7: =B7*D7*E7*F7*I7/1000*(100-G7*H7)/100 -> 0
A8: 0.20833333 | B8: 0 | C8: 4 | D8: 2.7 | E8: 0.2404 | F8: 400 | G8: 0.3 | H8: =(C8-25)+IF(C8<25,-C8+25) -> 0 | I8: 0.983 | J8: =B8*D8*E8*F8*I8/1000*(100-G8*H8)/100 -> 0
A9: 0.25 | B9: 0 | C9: 5 | D9: 2.7 | E9: 0.2404 | F9: 400 | G9: 0.3 | H9: =(C9-25)+IF(C9<25,-C9+25) -> 0 | I9: 0.983 | J9: =B9*D9*E9*F9*I9/1000*(100-G9*H9)/100 -> 0
A10: 0.29166667 | B10: 0 | C10: 6 | D10: 2.7 | E10: 0.2404 | F10: 400 | G10: 0.3 | H10: =(C10-25)+IF(C10<25,-C10+25) -> 0 | I10: 0.983 | J10: =B10*D10*E10*F10*I10/1000*(100-G10*H10)/100 -> 0
A11: 0.33333333 | B11: 0 | C11: 8 | D11: 2.7 | E11: 0.2404 | F11: 400 | G11: 0.3 | H11: =(C11-25)+IF(C11<25,-C11+25) -> 0 | I11: 0.983 | J11: =B11*D11*E11*F11*I11/1000*(100-G11*H11)/100 -> 0
A12: 0.375 | B12: 50 | C12: 10 | D12: 2.7 | E12: 0.2404 | F12: 400 | G12: 0.3 | H12: =(C12-25)+IF(C12<25,-C12+25) -> 0 | I12: 0.983 | J12: =B12*D12*E12*F12*I12/1000*(100-G12*H12)/100 -> 12.760913
A13: 0.41666667 | B13: 160 | C13: 13 | D13: 2.7 | E13: 0.2404 | F13: 400 | G13: 0.3 | H13: =(C13-25)+IF(C13<25,-C13+25) -> 0 | I13: 0.983 | J13: =B13*D13*E13*F13*I13/1000*(100-G13*H13)/100 -> 40.834921
A14: 0.45833333 | B14: 270 | C14: 18 | D14: 2.7 | E14: 0.2404 | F14: 400 | G14: 0.3 | H14: =(C14-25)+IF(C14<25,-C14+25) -> 0 | I14: 0.983 | J14: =B14*D14*E14*F14*I14/1000*(100-G14*H14)/100 -> 68.908929
... A26: 0.95833333 | B26: 0 | C26: 5 | D26: 2.7 | E26: 0.2404 | F26: 400 | G26: 0.3 | H26: =(C26-25)+IF(C26<25,-C26+25) -> 0 | I26: 0.983 | J26: =B26*D26*E26*F26*I26/1000*(100-G26*H26)/100 -> 0
J27: =SUM(J3:J26) -> 538.51052
B29: =SUM(B3:B26)*31/1000 -> 65.41 | I29: TOPLAM | J29: =J27*31*0.95 -> 15859.135
B30: =B29*31 -> 2027.71
B31: 1844 | C31: Meteoroloji

Sheet ŞUBAT
A2: Saat | B2: Işıma (W/m2) | C2: Sıcaklık (oC) | D2: Modül Alanı (m2) | E2: Modül Verimi | F2: Modül Sayısı | G2: Sıcaklık Katsayısı | H2: Sıcaklık Farkı | I2: İnverter Verimi | J2: Üretilen Güç (kW)
A3: 0 | B3: 0 | C3: 4 | D3: 2.7 | E3: 0.2404 | F3: 400 | G3: 0.3 | H3: =(C3-25)+IF(C3<25,-C3+25) -> 0 | I3: 0.983 | J3: =B3*D3*E3*F3*I3/1000*(100-G3*H3)/100 -> 0
A4: 0.041666667 | B4: 0 | C4: 4 | D4: 2.7 | E4: 0.2404 | F4: 400 | G4: 0.3 | H4: =(C4-25)+IF(C4<25,-C4+25) -> 0 | I4: 0.983 | J4: =B4*D4*E4*F4*I4/1000*(100-G4*H4)/100 -> 0
A5: 0.083333333 | B5: 0 | C5: 3 | D5: 2.7 | E5: 0.2404 | F5: 400 | G5: 0.3 | H5: =(C5-25)+IF(C5<25,-C5+25) -> 0 | I5: 0.983 | J5: =B5*D5*E5*F5*I5/1000*(100-G5*H5)/100 -> 0
A6: 0.125 | B6: 0 | C6: 3 | D6: 2.7 | E6: 0.2404 | F6: 400 | G6: 0.3 | H6: =(C6-25)+IF(C6<25,-C6+25) -> 0 | I6: 0.983 | J6: =B6*D6*E6*F6*I6/1000*(100-G6*H6)/100 -> 0
A7: 0.16666667 | B7: 0 | C7: 3 | D7: 2.7 | E7: 0.2404 | F7: 400 | G7: 0.3 | H7: =(C7-25)+IF(C7<25,-C7+25) -> 0 | I7: 0.983 | J7: =B7*D7*E7*F7*I7/1000*(100-G7*H7)/100 -> 0
A8: 0.20833333 | B8: 0 | C8: 4 | D8: 2.7 | E8: 0.2404 | F8: 400 | G8: 0.3 | H8: =(C8-25)+IF(C8<25,-C8+25) -> 0 | I8: 0.983 | J8: =B8*D8*E8*F8*I8/1000*(100-G8*H8)/100 -> 0
A9: 0.25 | B9: 0 | C9: 4 | D9: 2.7 | E9: 0.2404 | F9: 400 | G9: 0.3 | H9: =(C9-25)+IF(C9<25,-C9+25) -> 0 | I9: 0.983 | J9: =B9*D9*E9*F9*I9/1000*(100-G9*H9)/100 -> 0
A10: 0.29166667 | B10: 0 | C10: 5 | D10: 2.7 | E10: 0.2404 | F10: 400 | G10: 0.3 | H10: =(C10-25)+IF(C10<25,-C10+25) -> 0 | I10: 0.983 | J10: =B10*D10*E10*F10*I10/1000*(100-G10*H10)/100 -> 0
A11: 0.33333333 | B11: 60 | C11: 7 | D11: 2.7 | E11: 0.2404 | F11: 400 | G11: 0.3 | H11: =(C11-25)+IF(C11<25,-C11+25) -> 0 | I11: 0.983 | J11: =B11*D11*E11*F11*I11/1000*(100-G11*H11)/100 -> 15.313095
A12: 0.375 | B12: 120 | C12: 10 | D12: 2.7 | E12: 0.2404 | F12: 400 | G12: 0.3 | H12: =(C12-25)+IF(C12<25,-C12+25) -> 0 | I12: 0.983 | J12: =B12*D12*E12*F12*I12/1000*(100-G12*H12)/100 -> 30.626191
A13: 0.41666667 | B13: 250 | C13: 15 | D13: 2.7 | E13: 0.2404 | F13: 400 | G13: 0.3 | H13: =(C13-25)+IF(C13<25,-C13+25) -> 0 | I13: 0.983 | J13: =B13*D13*E13*F13*I13/1000*(100-G13*H13)/100 -> 63.804564
A14: 0.45833333 | B14: 370 | C14: 20 | D14: 2.7 | E14: 0.2404 | F14: 400 | G14: 0.3 | H14: =(C14-25)+IF(C14<25,-C14+25) -> 0 | I14: 0.983 | J14: =B14*D14*E14*F14*I14/1000*(100-G14*H14)/100 -> 94.430755
... A26: 0.95833333 | B26: 0 | C26: 4 | D26: 2.7 | E26: 0.2404 | F26: 400 | G26: 0.3 | H26: =(C26-25)+IF(C26<25,-C26+25) -> 0 | I26: 0.983 | J26: =B26*D26*E26*F26*I26/1000*(100-G26*H26)/100 -> 0
J27: =SUM(J3:J26) -> 763.10259
B29: =SUM(B3:B26)*28/1000 -> 83.72 | I29: TOPLAM | J29: =J27*29*0.95 -> 21023.476
B30: =B29*28 -> 2344.16
B31: 2295 | C31: Meteoroloji

Sheet MART
A2: Saat | B2: Işıma (W/m2) | C2: Sıcaklık (oC) | D2: Modül Alanı (m2) | E2: Modül Verimi | F2: Modül Sayısı | G2: Sıcaklık Katsayısı | H2: Sıcaklık Farkı | I2: İnverter Verimi | J2: Üretilen Güç (kW)
A3: 0 | B3: 0 | C3: 5 | D3: 2.7 | E3: 0.2404 | F3: 400 | G3: 0.3 | H3: =(C3-25)+IF(C3<25,-C3+25) -> 0 | I3: 0.983 | J3: =B3*D3*E3*F3*I3/1000*(100-H3)/100*(100-G3*H3)/100 -> 0
A4: 0.041666667 | B4: 0 | C4: 5 | D4: 2.7 | E4: 0.2404 | F4: 400 | G4: 0.3 | H4: =(C4-25)+IF(C4<25,-C4+25) -> 0 | I4: 0.983 | J4: =B4*D4*E4*F4*I4/1000*(100-H4)/100*(100-G4*H4)/100 -> 0
A5: 0.083333333 | B5: 0 | C5: 4 | D5: 2.7 | E5: 0.2404 | F5: 400 | G5: 0.3 | H5: =(C5-25)+IF(C5<25,-C5+25) -> 0 | I5: 0.983 | J5: =B5*D5*E5*F5*I5/1000*(100-H5)/100*(100-G5*H5)/100 -> 0
A6: 0.125 | B6: 0 | C6: 4 | D6: 2.7 | E6: 0.2404 | F6: 400 | G6: 0.3 | H6: =(C6-25)+IF(C6<25,-C6+25) -> 0 | I6: 0.983 | J6: =B6*D6*E6*F6*I6/1000*(100-H6)/100*(100-G6*H6)/100 -> 0
A7: 0.16666667 | B7: 0 | C7: 4 | D7: 2.7 | E7: 0.2404 | F7: 400 | G7: 0.3 | H7: =(C7-25)+IF(C7<25,-C7+25) -> 0 | I7: 0.983 | J7: =B7*D7*E7*F7*I7/1000*(100-H7)/100*(100-G7*H7)/100 -> 0
A8: 0.20833333 | B8: 0 | C8: 4 | D8: 2.7 | E8: 0.2404 | F8: 400 | G8: 0.3 | H8: =(C8-25)+IF(C8<25,-C8+25) -> 0 | I8: 0.983 | J8: =B8*D8*E8*F8*I8/1000*(100-H8)/100*(100-G8*H8)/100 -> 0
A9: 0.25 | B9: 0 | C9: 6 | D9: 2.7 | E9: 0.2404 | F9: 400 | G9: 0.3 | H9: =(C9-25)+IF(C9<25,-C9+25) -> 0 | I9: 0.983 | J9: =B9*D9*E9*F9*I9/1000*(100-H9)/100*(100-G9*H9)/100 -> 0
A10: 0.29166667 | B10: 0 | C10: 8 | D10: 2.7 | E10: 0.2404 | F10: 400 | G10: 0.3 | H10: =(C10-25)+IF(C10<25,-C10+25) -> 0 | I10: 0.983 | J10: =B10*D10*E10*F10*I10/1000*(100-H10)/100*(100-G10*H10)/100 -> 0
A11: 0.33333333 | B11: 50 | C11: 12 | D11: 2.7 | E11: 0.2404 | F11: 400 | G11: 0.3 | H11: =(C11-25)+IF(C11<25,-C11+25) -> 0 | I11: 0.983 | J11: =B11*D11*E11*F11*I11/1000*(100-H11)/100*(100-G11*H11)/100 -> 12.760913
A12: 0.375 | B12: 150 | C12: 16 | D12: 2.7 | E12: 0.2404 | F12: 400 | G12: 0.3 | H12: =(C12-25)+IF(C12<25,-C12+25) -> 0 | I12: 0.983 | J12: =B12*D12*E12*F12*I12/1000*(100-H12)/100*(100-G12*H12)/100 -> 38.282738
A13: 0.41666667 | B13: 280 | C13: 21 | D13: 2.7 | E13: 0.2404 | F13: 400 | G13: 0.3 | H13: =(C13-25)+IF(C13<25,-C13+25) -> 0 | I13: 0.983 | J13: =B13*D13*E13*F13*I13/1000*(100-H13)/100*(100-G13*H13)/100 -> 71.461112
A14: 0.45833333 | B14: 410 | C14: 24 | D14: 2.7 | E14: 0.2404 | F14: 400 | G14: 0.3 | H14: =(C14-25)+IF(C14<25,-C14+25) -> 0 | I14: 0.983 | J14: =B14*D14*E14*F14*I14/1000*(100-H14)/100*(100-G14*H14)/100 -> 104.63948
... A26: 0.95833333 | B26: 0 | C26: 5 | D26: 2.7 | E26: 0.2404 | F26: 400 | G26: 0.3 | H26: =(C26-25)+IF(C26<25,-C26+25) -> 0 | I26: 0.983 | J26: =B26*D26*E26*F26*I26/1000*(100-H26)/100*(100-G26*H26)/100 -> 0
J27: =SUM(J3:J26) -> 864.06777
B29: =SUM(B3:B26)*31/1000 -> 105.4 | I29: TOPLAM | J29: =J27*31*0.95 -> 25446.796
B30: =B29*31 -> 3267.4
B31: 3308 | C31: Meteoroloji

Sheet NİSAN
A2: Saat | B2: Işıma (W/m2) | C2: Sıcaklık (oC) | D2: Modül Alanı (m2) | E2: Modül Verimi | F2: Modül Sayısı | G2: Sıcaklık Katsayısı | H2: Sıcaklık Farkı | I2: İnverter Verimi | J2: Üretilen Güç (kW)
A3: 0 | B3: 0 | C3: 9 | D3: 2.7 | E3: 0.2404 | F3: 400 | G3: 0.3 | H3: =(C3-25)+IF(C3<25,-C3+25) -> 0 | I3: 0.983 | J3: =B3*D3*E3*F3*I3/1000*(100-G3*H3)/100 -> 0
A4: 0.041666667 | B4: 0 | C4: 8 | D4: 2.7 | E4: 0.2404 | F4: 400 | G4: 0.3 | H4: =(C4-25)+IF(C4<25,-C4+25) -> 0 | I4: 0.983 | J4: =B4*D4*E4*F4*I4/1000*(100-G4*H4)/100 -> 0
A5: 0.083333333 | B5: 0 | C5: 8 | D5: 2.7 | E5: 0.2404 | F5: 400 | G5: 0.3 | H5: =(C5-25)+IF(C5<25,-C5+25) -> 0 | I5: 0.983 | J5: =B5*D5*E5*F5*I5/1000*(100-G5*H5)/100 -> 0
A6: 0.125 | B6: 0 | C6: 8 | D6: 2.7 | E6: 0.2404 | F6: 400 | G6: 0.3 | H6: =(C6-25)+IF(C6<25,-C6+25) -> 0 | I6: 0.983 | J6: =B6*D6*E6*F6*I6/1000*(100-G6*H6)/100 -> 0
A7: 0.16666667 | B7: 0 | C7: 7 | D7: 2.7 | E7: 0.2404 | F7: 400 | G7: 0.3 | H7: =(C7-25)+IF(C7<25,-C7+25) -> 0 | I7: 0.983 | J7: =B7*D7*E7*F7*I7/1000*(100-G7*H7)/100 -> 0
A8: 0.20833333 | B8: 0 | C8: 7 | D8: 2.7 | E8: 0.2404 | F8: 400 | G8: 0.3 | H8: =(C8-25)+IF(C8<25,-C8+25) -> 0 | I8: 0.983 | J8: =B8*D8*E8*F8*I8/1000*(100-G8*H8)/100 -> 0
A9: 0.25 | B9: 0 | C9: 7 | D9: 2.7 | E9: 0.2404 | F9: 400 | G9: 0.3 | H9: =(C9-25)+IF(C9<25,-C9+25) -> 0 | I9: 0.983 | J9: =B9*D9*E9*F9*I9/1000*(100-G9*H9)/100 -> 0
A10: 0.29166667 | B10: 40 | C10: 8 | D10: 2.7 | E10: 0.2404 | F10: 400 | G10: 0.3 | H10: =(C10-25)+IF(C10<25,-C10+25) -> 0 | I10: 0.983 | J10: =B10*D10*E10*F10*I10/1000*(100-G10*H10)/100 -> 10.20873
A11: 0.33333333 | B11: 130 | C11: 10 | D11: 2.7 | E11: 0.2404 | F11: 400 | G11: 0.3 | H11: =(C11-25)+IF(C11<25,-C11+25) -> 0 | I11: 0.983 | J11: =B11*D11*E11*F11*I11/1000*(100-G11*H11)/100 -> 33.178373
A12: 0.375 | B12: 260 | C12: 17 | D12: 2.7 | E12: 0.2404 | F12: 400 | G12: 0.3 | H12: =(C12-25)+IF(C12<25,-C12+25) -> 0 | I12: 0.983 | J12: =B12*D12*E12*F12*I12/1000*(100-G12*H12)/100 -> 66.356747
A13: 0.41666667 | B13: 410 | C13: 22 | D13: 2.7 | E13: 0.2404 | F13: 400 | G13: 0.3 | H13: =(C13-25)+IF(C13<25,-C13+25) -> 0 | I13: 0.983 | J13: =B13*D13*E13*F13*I13/1000*(100-G13*H13)/100 -> 104.63948
A14: 0.45833333 | B14: 560 | C14: 27 | D14: 2.7 | E14: 0.2404 | F14: 400 | G14: 0.3 | H14: =(C14-25)+IF(C14<25,-C14+25) -> 2 | I14: 0.983 | J14: =B14*D14*E14*F14*I14/1000*(100-G14*H14)/100 -> 142.06469
... A26: 0.95833333 | B26: 0 | C26: 9 | D26: 2.7 | E26: 0.2404 | F26: 400 | G26: 0.3 | H26: =(C26-25)+IF(C26<25,-C26+25) -> 0 | I26: 0.983 | J26: =B26*D26*E26*F26*I26/1000*(100-G26*H26)/100 -> 0
J27: =SUM(J3:J26) -> 1235.19
B29: =SUM(B3:B26)*30/1000 -> 146.4 | I29: TOPLAM | J29: =J27*30*0.95 -> 35202.915
B30: =B29*30 -> 4392
B31: 4771 | C31: Meteoroloji

Sheet MAYIS
A2: Saat | B2: Işıma (W/m2) | C2: Sıcaklık (oC) | D2: Modül Alanı (m2) | E2: Modül Verimi | F2: Modül Sayısı | G2: Sıcaklık Katsayısı | H2: Sıcaklık Farkı | I2: İnverter Verimi | J2: Üretilen Güç (kW)
A3: 0 | B3: 0 | C3: 15 | D3: 2.7 | E3: 0.2404 | F3: 400 | G3: 0.3 | H3: =(C3-25)+IF(C3<25,-C3+25) -> 0 | I3: 0.983 | J3: =B3*D3*E3*F3*I3/1000*(100-G3*H3)/100 -> 0
A4: 0.041666667 | B4: 0 | C4: 15 | D4: 2.7 | E4: 0.2404 | F4: 400 | G4: 0.3 | H4: =(C4-25)+IF(C4<25,-C4+25) -> 0 | I4: 0.983 | J4: =B4*D4*E4*F4*I4/1000*(100-G4*H4)/100 -> 0
A5: 0.083333333 | B5: 0 | C5: 14 | D5: 2.7 | E5: 0.2404 | F5: 400 | G5: 0.3 | H5: =(C5-25)+IF(C5<25,-C5+25) -> 0 | I5: 0.983 | J5: =B5*D5*E5*F5*I5/1000*(100-G5*H5)/100 -> 0
A6: 0.125 | B6: 0 | C6: 14 | D6: 2.7 | E6: 0.2404 | F6: 400 | G6: 0.3 | H6: =(C6-25)+IF(C6<25,-C6+25) -> 0 | I6: 0.983 | J6: =B6*D6*E6*F6*I6/1000*(100-G6*H6)/100 -> 0
A7: 0.16666667 | B7: 0 | C7: 13 | D7: 2.7 | E7: 0.2404 | F7: 400 | G7: 0.3 | H7: =(C7-25)+IF(C7<25,-C7+25) -> 0 | I7: 0.983 | J7: =B7*D7*E7*F7*I7/1000*(100-G7*H7)/100 -> 0
A8: 0.20833333 | B8: 0 | C8: 13 | D8: 2.7 | E8: 0.2404 | F8: 400 | G8: 0.3 | H8: =(C8-25)+IF(C8<25,-C8+25) -> 0 | I8: 0.983 | J8: =B8*D8*E8*F8*I8/1000*(100-G8*H8)/100 -> 0
A9: 0.25 | B9: 0 | C9: 14 | D9: 2.7 | E9: 0.2404 | F9: 400 | G9: 0.3 | H9: =(C9-25)+IF(C9<25,-C9+25) -> 0 | I9: 0.983 | J9: =B9*D9*E9*F9*I9/1000*(100-G9*H9)/100 -> 0
A10: 0.29166667 | B10: 60 | C10: 15 | D10: 2.7 | E10: 0.2404 | F10: 400 | G10: 0.3 | H10: =(C10-25)+IF(C10<25,-C10+25) -> 0 | I10: 0.983 | J10: =B10*D10*E10*F10*I10/1000*(100-G10*H10)/100 -> 15.313095
A11: 0.33333333 | B11: 180 | C11: 17 | D11: 2.7 | E11: 0.2404 | F11: 400 | G11: 0.3 | H11: =(C11-25)+IF(C11<25,-C11+25) -> 0 | I11: 0.983 | J11: =B11*D11*E11*F11*I11/1000*(100-G11*H11)/100 -> 45.939286
A12: 0.375 | B12: 350 | C12: 23 | D12: 2.7 | E12: 0.2404 | F12: 400 | G12: 0.3 | H12: =(C12-25)+IF(C12<25,-C12+25) -> 0 | I12: 0.983 | J12: =B12*D12*E12*F12*I12/1000*(100-G12*H12)/100 -> 89.32639
A13: 0.41666667 | B13: 490 | C13: 27 | D13: 2.7 | E13: 0.2404 | F13: 400 | G13: 0.3 | H13: =(C13-25)+IF(C13<25,-C13+25) -> 2 | I13: 0.983 | J13: =B13*D13*E13*F13*I13/1000*(100-G13*H13)/100 -> 124.3066
A14: 0.45833333 | B14: 600 | C14: 29 | D14: 2.7 | E14: 0.2404 | F14: 400 | G14: 0.3 | H14: =(C14-25)+IF(C14<25,-C14+25) -> 4 | I14: 0.983 | J14: =B14*D14*E14*F14*I14/1000*(100-G14*H14)/100 -> 151.29338
... A26: 0.95833333 | B26: 0 | C26: 15 | D26: 2.7 | E26: 0.2404 | F26: 400 | G26: 0.3 | H26: =(C26-25)+IF(C26<25,-C26+25) -> 0 | I26: 0.983 | J26: =B26*D26*E26*F26*I26/1000*(100-G26*H26)/100 -> 0
J27: =SUM(J3:J26) -> 1449.216
B29: =SUM(B3:B26)*31/1000 -> 178.56 | I29: TOPLAM | J29: =J27*31*0.95 -> 42679.412
B30: =B29*31 -> 5535.36
B31: 5791 | C31: Meteoroloji

Sheet HAZİRAN
A2: Saat | B2: Işıma (W/m2) | C2: Sıcaklık (oC) | D2: Modül Alanı (m2) | E2: Modül Verimi | F2: Modül Sayısı | G2: Sıcaklık Katsayısı | H2: Sıcaklık Farkı | I2: İnverter Verimi | J2: Üretilen Güç (kW)
A3: 0 | B3: 0 | C3: 19 | D3: 2.7 | E3: 0.2404 | F3: 400 | G3: 0.3 | H3: =(C3-25)+IF(C3<25,-C3+25) -> 0 | I3: 0.983 | J3: =B3*D3*E3*F3*I3/1000*(100-G3*H3)/100 -> 0
A4: 0.041666667 | B4: 0 | C4: 18 | D4: 2.7 | E4: 0.2404 | F4: 400 | G4: 0.3 | H4: =(C4-25)+IF(C4<25,-C4+25) -> 0 | I4: 0.983 | J4: =B4*D4*E4*F4*I4/1000*(100-G4*H4)/100 -> 0
A5: 0.083333333 | B5: 0 | C5: 16 | D5: 2.7 | E5: 0.2404 | F5: 400 | G5: 0.3 | H5: =(C5-25)+IF(C5<25,-C5+25) -> 0 | I5: 0.983 | J5: =B5*D5*E5*F5*I5/1000*(100-G5*H5)/100 -> 0
A6: 0.125 | B6: 0 | C6: 16 | D6: 2.7 | E6: 0.2404 | F6: 400 | G6: 0.3 | H6: =(C6-25)+IF(C6<25,-C6+25) -> 0 | I6: 0.983 | J6: =B6*D6*E6*F6*I6/1000*(100-G6*H6)/100 -> 0
A7: 0.16666667 | B7: 0 | C7: 16 | D7: 2.7 | E7: 0.2404 | F7: 400 | G7: 0.3 | H7: =(C7-25)+IF(C7<25,-C7+25) -> 0 | I7: 0.983 | J7: =B7*D7*E7*F7*I7/1000*(100-G7*H7)/100 -> 0
A8: 0.20833333 | B8: 0 | C8: 17 | D8: 2.7 | E8: 0.2404 | F8: 400 | G8: 0.3 | H8: =(C8-25)+IF(C8<25,-C8+25) -> 0 | I8: 0.983 | J8: =B8*D8*E8*F8*I8/1000*(100-G8*H8)/100 -> 0
A9: 0.25 | B9: 40 | C9: 18 | D9: 2.7 | E9: 0.2404 | F9: 400 | G9: 0.3 | H9: =(C9-25)+IF(C9<25,-C9+25) -> 0 | I9: 0.983 | J9: =B9*D9*E9*F9*I9/1000*(100-G9*H9)/100 -> 10.20873
A10: 0.29166667 | B10: 120 | C10: 19 | D10: 2.7 | E10: 0.2404 | F10: 400 | G10: 0.3 | H10: =(C10-25)+IF(C10<25,-C10+25) -> 0 | I10: 0.983 | J10: =B10*D10*E10*F10*I10/1000*(100-G10*H10)/100 -> 30.626191
A11: 0.33333333 | B11: 230 | C11: 22 | D11: 2.7 | E11: 0.2404 | F11: 400 | G11: 0.3 | H11: =(C11-25)+IF(C11<25,-C11+25) -> 0 | I11: 0.983 | J11: =B11*D11*E11*F11*I11/1000*(100-G11*H11)/100 -> 58.700199
A12: 0.375 | B12: 380 | C12: 25 | D12: 2.7 | E12: 0.2404 | F12: 400 | G12: 0.3 | H12: =(C12-25)+IF(C12<25,-C12+25) -> 0 | I12: 0.983 | J12: =B12*D12*E12*F12*I12/1000*(100-G12*H12)/100 -> 96.982937
A13: 0.41666667 | B13: 560 | C13: 30 | D13: 2.7 | E13: 0.2404 | F13: 400 | G13: 0.3 | H13: =(C13-25)+IF(C13<25,-C13+25) -> 5 | I13: 0.983 | J13: =B13*D13*E13*F13*I13/1000*(100-G13*H13)/100 -> 140.77839
A14: 0.45833333 | B14: 730 | C14: 35 | D14: 2.7 | E14: 0.2404 | F14: 400 | G14: 0.3 | H14: =(C14-25)+IF(C14<25,-C14+25) -> 10 | I14: 0.983 | J14: =B14*D14*E14*F14*I14/1000*(100-G14*H14)/100 -> 180.72005
... A26: 0.95833333 | B26: 0 | C26: 19 | D26: 2.7 | E26: 0.2404 | F26: 400 | G26: 0.3 | H26: =(C26-25)+IF(C26<25,-C26+25) -> 0 | I26: 0.983 | J26: =B26*D26*E26*F26*I26/1000*(100-G26*H26)/100 -> 0
J27: =SUM(J3:J26) -> 1673.0118
B29: =SUM(B3:B26)*30/1000 -> 201.9 | I29: TOPLAM | J29: =J27*30*0.95 -> 47680.837
B30: =B29*30 -> 6057
B31: 6608 | C31: Meteoroloji

Sheet TEMMUZ
A2: Saat | B2: Işıma (W/m2) | C2: Sıcaklık (oC) | D2: Modül Alanı (m2) | E2: Modül Verimi | F2: Modül Sayısı | G2: Sıcaklık Katsayısı | H2: Sıcaklık Farkı | I2: İnverter Verimi | J2: Üretilen Güç (kW)
A3: 0 | B3: 0 | C3: 23 | D3: 2.7 | E3: 0.2404 | F3: 400 | G3: 0.3 | H3: =(C3-25)+IF(C3<25,-C3+25) -> 0 | I3: 0.983 | J3: =B3*D3*E3*F3*I3/1000*(100-G3*H3)/100 -> 0
A4: 0.041666667 | B4: 0 | C4: 22 | D4: 2.7 | E4: 0.2404 | F4: 400 | G4: 0.3 | H4: =(C4-25)+IF(C4<25,-C4+25) -> 0 | I4: 0.983 | J4: =B4*D4*E4*F4*I4/1000*(100-G4*H4)/100 -> 0
A5: 0.083333333 | B5: 0 | C5: 21 | D5: 2.7 | E5: 0.2404 | F5: 400 | G5: 0.3 | H5: =(C5-25)+IF(C5<25,-C5+25) -> 0 | I5: 0.983 | J5: =B5*D5*E5*F5*I5/1000*(100-G5*H5)/100 -> 0
A6: 0.125 | B6: 0 | C6: 20 | D6: 2.7 | E6: 0.2404 | F6: 400 | G6: 0.3 | H6: =(C6-25)+IF(C6<25,-C6+25) -> 0 | I6: 0.983 | J6: =B6*D6*E6*F6*I6/1000*(100-G6*H6)/100 -> 0
A7: 0.16666667 | B7: 0 | C7: 20 | D7: 2.7 | E7: 0.2404 | F7: 400 | G7: 0.3 | H7: =(C7-25)+IF(C7<25,-C7+25) -> 0 | I7: 0.983 | J7: =B7*D7*E7*F7*I7/1000*(100-G7*H7)/100 -> 0
A8: 0.20833333 | B8: 0 | C8: 21 | D8: 2.7 | E8: 0.2404 | F8: 400 | G8: 0.3 | H8: =(C8-25)+IF(C8<25,-C8+25) -> 0 | I8: 0.983 | J8: =B8*D8*E8*F8*I8/1000*(100-G8*H8)/100 -> 0
A9: 0.25 | B9: 50 | C9: 23 | D9: 2.7 | E9: 0.2404 | F9: 400 | G9: 0.3 | H9: =(C9-25)+IF(C9<25,-C9+25) -> 0 | I9: 0.983 | J9: =B9*D9*E9*F9*I9/1000*(100-G9*H9)/100 -> 12.760913
A10: 0.29166667 | B10: 150 | C10: 24 | D10: 2.7 | E10: 0.2404 | F10: 400 | G10: 0.3 | H10: =(C10-25)+IF(C10<25,-C10+25) -> 0 | I10: 0.983 | J10: =B10*D10*E10*F10*I10/1000*(100-G10*H10)/100 -> 38.282738
A11: 0.33333333 | B11: 250 | C11: 27 | D11: 2.7 | E11: 0.2404 | F11: 400 | G11: 0.3 | H11: =(C11-25)+IF(C11<25,-C11+25) -> 2 | I11: 0.983 | J11: =B11*D11*E11*F11*I11/1000*(100-G11*H11)/100 -> 63.421737
A12: 0.375 | B12: 400 | C12: 30 | D12: 2.7 | E12: 0.2404 | F12: 400 | G12: 0.3 | H12: =(C12-25)+IF(C12<25,-C12+25) -> 5 | I12: 0.983 | J12: =B12*D12*E12*F12*I12/1000*(100-G12*H12)/100 -> 100.55599
A13: 0.41666667 | B13: 600 | C13: 34 | D13: 2.7 | E13: 0.2404 | F13: 400 | G13: 0.3 | H13: =(C13-25)+IF(C13<25,-C13+25) -> 9 | I13: 0.983 | J13: =B13*D13*E13*F13*I13/1000*(100-G13*H13)/100 -> 148.99642
A14: 0.45833333 | B14: 720 | C14: 37 | D14: 2.7 | E14: 0.2404 | F14: 400 | G14: 0.3 | H14: =(C14-25)+IF(C14<25,-C14+25) -> 12 | I14: 0.983 | J14: =B14*D14*E14*F14*I14/1000*(100-G14*H14)/100 -> 177.14189
... A26: 0.95833333 | B26: 0 | C26: 24 | D26: 2.7 | E26: 0.2404 | F26: 400 | G26: 0.3 | H26: =(C26-25)+IF(C26<25,-C26+25) -> 0 | I26: 0.983 | J26: =B26*D26*E26*F26*I26/1000*(100-G26*H26)/100 -> 0
J27: =SUM(J3:J26) -> 1706.365
B29: =SUM(B3:B26)*31/1000 -> 215.76 | I29: TOPLAM | J29: =J27*31*0.95 -> 50252.45
B30: =B29*31 -> 6688.56
B31: 6475 | C31: Meteoroloji

Sheet AĞUSTOS
A2: Saat | B2: Işıma (W/m2) | C2: Sıcaklık (oC) | D2: Modül Alanı (m2) | E2: Modül Verimi | F2: Modül Sayısı | G2: Sıcaklık Katsayısı | H2: Sıcaklık Farkı | I2: İnverter Verimi | J2: Üretilen Güç (kW)
A3: 0 | B3: 0 | C3: 25 | D3: 2.7 | E3: 0.2404 | F3: 400 | G3: 0.3 | H3: =(C3-25)+IF(C3<25,-C3+25) -> 0 | I3: 0.983 | J3: =B3*D3*E3*F3*I3/1000*(100-G3*H3)/100 -> 0
A4: 0.041666667 | B4: 0 | C4: 24 | D4: 2.7 | E4: 0.2404 | F4: 400 | G4: 0.3 | H4: =(C4-25)+IF(C4<25,-C4+25) -> 0 | I4: 0.983 | J4: =B4*D4*E4*F4*I4/1000*(100-G4*H4)/100 -> 0
A5: 0.083333333 | B5: 0 | C5: 24 | D5: 2.7 | E5: 0.2404 | F5: 400 | G5: 0.3 | H5: =(C5-25)+IF(C5<25,-C5+25) -> 0 | I5: 0.983 | J5: =B5*D5*E5*F5*I5/1000*(100-G5*H5)/100 -> 0
A6: 0.125 | B6: 0 | C6: 24 | D6: 2.7 | E6: 0.2404 | F6: 400 | G6: 0.3 | H6: =(C6-25)+IF(C6<25,-C6+25) -> 0 | I6: 0.983 | J6: =B6*D6*E6*F6*I6/1000*(100-G6*H6)/100 -> 0
A7: 0.16666667 | B7: 0 | C7: 25 | D7: 2.7 | E7: 0.2404 | F7: 400 | G7: 0.3 | H7: =(C7-25)+IF(C7<25,-C7+25) -> 0 | I7: 0.983 | J7: =B7*D7*E7*F7*I7/1000*(100-G7*H7)/100 -> 0
A8: 0.20833333 | B8: 0 | C8: 26 | D8: 2.7 | E8: 0.2404 | F8: 400 | G8: 0.3 | H8: =(C8-25)+IF(C8<25,-C8+25) -> 1 | I8: 0.983 | J8: =B8*D8*E8*F8*I8/1000*(100-G8*H8)/100 -> 0
A9: 0.25 | B9: 0 | C9: 27 | D9: 2.7 | E9: 0.2404 | F9: 400 | G9: 0.3 | H9: =(C9-25)+IF(C9<25,-C9+25) -> 2 | I9: 0.983 | J9: =B9*D9*E9*F9*I9/1000*(100-G9*H9)/100 -> 0
A10: 0.29166667 | B10: 70 | C10: 28 | D10: 2.7 | E10: 0.2404 | F10: 400 | G10: 0.3 | H10: =(C10-25)+IF(C10<25,-C10+25) -> 3 | I10: 0.983 | J10: =B10*D10*E10*F10*I10/1000*(100-G10*H10)/100 -> 17.70449
A11: 0.33333333 | B11: 230 | C11: 29 | D11: 2.7 | E11: 0.2404 | F11: 400 | G11: 0.3 | H11: =(C11-25)+IF(C11<25,-C11+25) -> 4 | I11: 0.983 | J11: =B11*D11*E11*F11*I11/1000*(100-G11*H11)/100 -> 57.995796
A12: 0.375 | B12: 370 | C12: 31 | D12: 2.7 | E12: 0.2404 | F12: 400 | G12: 0.3 | H12: =(C12-25)+IF(C12<25,-C12+25) -> 6 | I12: 0.983 | J12: =B12*D12*E12*F12*I12/1000*(100-G12*H12)/100 -> 92.731001
A13: 0.41666667 | B13: 510 | C13: 34 | D13: 2.7 | E13: 0.2404 | F13: 400 | G13: 0.3 | H13: =(C13-25)+IF(C13<25,-C13+25) -> 9 | I13: 0.983 | J13: =B13*D13*E13*F13*I13/1000*(100-G13*H13)/100 -> 126.64696
A14: 0.45833333 | B14: 660 | C14: 37 | D14: 2.7 | E14: 0.2404 | F14: 400 | G14: 0.3 | H14: =(C14-25)+IF(C14<25,-C14+25) -> 12 | I14: 0.983 | J14: =B14*D14*E14*F14*I14/1000*(100-G14*H14)/100 -> 162.38006
... A26: 0.95833333 | B26: 0 | C26: 25 | D26: 2.7 | E26: 0.2404 | F26: 400 | G26: 0.3 | H26: =(C26-25)+IF(C26<25,-C26+25) -> 0 | I26: 0.983 | J26: =B26*D26*E26*F26*I26/1000*(100-G26*H26)/100 -> 0
J27: =SUM(J3:J26) -> 1494.4331
B29: =SUM(B3:B26)*31/1000 -> 189.41 | I29: TOPLAM | J29: =J27*31*0.95 -> 44011.053
B30: =B29*31 -> 5871.71
B31: 5864 | C31: Meteoroloji

Sheet EYLÜL
A2: Saat | B2: Işıma (W/m2) | C2: Sıcaklık (oC) | D2: Modül Alanı (m2) | E2: Modül Verimi | F2: Modül Sayısı | G2: Sıcaklık Katsayısı | H2: Sıcaklık Farkı | I2: İnverter Verimi | J2: Üretilen Güç (kW)
A3: 0 | B3: 0 | C3: 14 | D3: 2.7 | E3: 0.2404 | F3: 400 | G3: 0.3 | H3: =(C3-25)+IF(C3<25,-C3+25) -> 0 | I3: 0.983 | J3: =B3*D3*E3*F3*I3/1000*(100-G3*H3)/100 -> 0
A4: 0.041666667 | B4: 0 | C4: 13 | D4: 2.7 | E4: 0.2404 | F4: 400 | G4: 0.3 | H4: =(C4-25)+IF(C4<25,-C4+25) -> 0 | I4: 0.983 | J4: =B4*D4*E4*F4*I4/1000*(100-G4*H4)/100 -> 0
A5: 0.083333333 | B5: 0 | C5: 12 | D5: 2.7 | E5: 0.2404 | F5: 400 | G5: 0.3 | H5: =(C5-25)+IF(C5<25,-C5+25) -> 0 | I5: 0.983 | J5: =B5*D5*E5*F5*I5/1000*(100-G5*H5)/100 -> 0
A6: 0.125 | B6: 0 | C6: 12 | D6: 2.7 | E6: 0.2404 | F6: 400 | G6: 0.3 | H6: =(C6-25)+IF(C6<25,-C6+25) -> 0 | I6: 0.983 | J6: =B6*D6*E6*F6*I6/1000*(100-G6*H6)/100 -> 0
A7: 0.16666667 | B7: 0 | C7: 12 | D7: 2.7 | E7: 0.2404 | F7: 400 | G7: 0.3 | H7: =(C7-25)+IF(C7<25,-C7+25) -> 0 | I7: 0.983 | J7: =B7*D7*E7*F7*I7/1000*(100-G7*H7)/100 -> 0
A8: 0.20833333 | B8: 0 | C8: 13 | D8: 2.7 | E8: 0.2404 | F8: 400 | G8: 0.3 | H8: =(C8-25)+IF(C8<25,-C8+25) -> 0 | I8: 0.983 | J8: =B8*D8*E8*F8*I8/1000*(100-G8*H8)/100 -> 0
A9: 0.25 | B9: 0 | C9: 14 | D9: 2.7 | E9: 0.2404 | F9: 400 | G9: 0.3 | H9: =(C9-25)+IF(C9<25,-C9+25) -> 0 | I9: 0.983 | J9: =B9*D9*E9*F9*I9/1000*(100-G9*H9)/100 -> 0
A10: 0.29166667 | B10: 50 | C10: 15 | D10: 2.7 | E10: 0.2404 | F10: 400 | G10: 0.3 | H10: =(C10-25)+IF(C10<25,-C10+25) -> 0 | I10: 0.983 | J10: =B10*D10*E10*F10*I10/1000*(100-G10*H10)/100 -> 12.760913
A11: 0.33333333 | B11: 170 | C11: 17 | D11: 2.7 | E11: 0.2404 | F11: 400 | G11: 0.3 | H11: =(C11-25)+IF(C11<25,-C11+25) -> 0 | I11: 0.983 | J11: =B11*D11*E11*F11*I11/1000*(100-G11*H11)/100 -> 43.387104
A12: 0.375 | B12: 290 | C12: 20 | D12: 2.7 | E12: 0.2404 | F12: 400 | G12: 0.3 | H12: =(C12-25)+IF(C12<25,-C12+25) -> 0 | I12: 0.983 | J12: =B12*D12*E12*F12*I12/1000*(100-G12*H12)/100 -> 74.013294
A13: 0.41666667 | B13: 400 | C13: 26 | D13: 2.7 | E13: 0.2404 | F13: 400 | G13: 0.3 | H13: =(C13-25)+IF(C13<25,-C13+25) -> 1 | I13: 0.983 | J13: =B13*D13*E13*F13*I13/1000*(100-G13*H13)/100 -> 101.78104
A14: 0.45833333 | B14: 520 | C14: 30 | D14: 2.7 | E14: 0.2404 | F14: 400 | G14: 0.3 | H14: =(C14-25)+IF(C14<25,-C14+25) -> 5 | I14: 0.983 | J14: =B14*D14*E14*F14*I14/1000*(100-G14*H14)/100 -> 130.72279
... A26: 0.95833333 | B26: 0 | C26: 13 | D26: 2.7 | E26: 0.2404 | F26: 400 | G26: 0.3 | H26: =(C26-25)+IF(C26<25,-C26+25) -> 0 | I26: 0.983 | J26: =B26*D26*E26*F26*I26/1000*(100-G26*H26)/100 -> 0
J27: =SUM(J3:J26) -> 1205.0232
B29: =SUM(B3:B26)*30/1000 -> 144.15 | I29: TOPLAM | J29: =J27*30*0.95 -> 34343.161
B30: =B29*30 -> 4324.5
B31: 4354 | C31: Meteoroloji

Sheet EKİM
A2: Saat | B2: Işıma (W/m2) | C2: Sıcaklık (oC) | D2: Modül Alanı (m2) | E2: Modül Verimi | F2: Modül Sayısı | G2: Sıcaklık Katsayısı | H2: Sıcaklık Farkı | I2: İnverter Verimi | J2: Üretilen Güç (kW)
A3: 0 | B3: 0 | C3: 12 | D3: 2.7 | E3: 0.2404 | F3: 400 | G3: 0.3 | H3: =(C3-25)+IF(C3<25,-C3+25) -> 0 | I3: 0.983 | J3: =B3*D3*E3*F3*I3/1000*(100-G3*H3)/100 -> 0
A4: 0.041666667 | B4: 0 | C4: 11 | D4: 2.7 | E4: 0.2404 | F4: 400 | G4: 0.3 | H4: =(C4-25)+IF(C4<25,-C4+25) -> 0 | I4: 0.983 | J4: =B4*D4*E4*F4*I4/1000*(100-G4*H4)/100 -> 0
A5: 0.083333333 | B5: 0 | C5: 10 | D5: 2.7 | E5: 0.2404 | F5: 400 | G5: 0.3 | H5: =(C5-25)+IF(C5<25,-C5+25) -> 0 | I5: 0.983 | J5: =B5*D5*E5*F5*I5/1000*(100-G5*H5)/100 -> 0
A6: 0.125 | B6: 0 | C6: 10 | D6: 2.7 | E6: 0.2404 | F6: 400 | G6: 0.3 | H6: =(C6-25)+IF(C6<25,-C6+25) -> 0 | I6: 0.983 | J6: =B6*D6*E6*F6*I6/1000*(100-G6*H6)/100 -> 0
A7: 0.16666667 | B7: 0 | C7: 10 | D7: 2.7 | E7: 0.2404 | F7: 400 | G7: 0.3 | H7: =(C7-25)+IF(C7<25,-C7+25) -> 0 | I7: 0.983 | J7: =B7*D7*E7*F7*I7/1000*(100-G7*H7)/100 -> 0
A8: 0.20833333 | B8: 0 | C8: 11 | D8: 2.7 | E8: 0.2404 | F8: 400 | G8: 0.3 | H8: =(C8-25)+IF(C8<25,-C8+25) -> 0 | I8: 0.983 | J8: =B8*D8*E8*F8*I8/1000*(100-G8*H8)/100 -> 0
A9: 0.25 | B9: 0 | C9: 11 | D9: 2.7 | E9: 0.2404 | F9: 400 | G9: 0.3 | H9: =(C9-25)+IF(C9<25,-C9+25) -> 0 | I9: 0.983 | J9: =B9*D9*E9*F9*I9/1000*(100-G9*H9)/100 -> 0
A10: 0.29166667 | B10: 0 | C10: 12 | D10: 2.7 | E10: 0.2404 | F10: 400 | G10: 0.3 | H10: =(C10-25)+IF(C10<25,-C10+25) -> 0 | I10: 0.983 | J10: =B10*D10*E10*F10*I10/1000*(100-G10*H10)/100 -> 0
A11: 0.33333333 | B11: 40 | C11: 13 | D11: 2.7 | E11: 0.2404 | F11: 400 | G11: 0.3 | H11: =(C11-25)+IF(C11<25,-C11+25) -> 0 | I11: 0.983 | J11: =B11*D11*E11*F11*I11/1000*(100-G11*H11)/100 -> 10.20873
A12: 0.375 | B12: 120 | C12: 15 | D12: 2.7 | E12: 0.2404 | F12: 400 | G12: 0.3 | H12: =(C12-25)+IF(C12<25,-C12+25) -> 0 | I12: 0.983 | J12: =B12*D12*E12*F12*I12/1000*(100-G12*H12)/100 -> 30.626191
A13: 0.41666667 | B13: 240 | C13: 19 | D13: 2.7 | E13: 0.2404 | F13: 400 | G13: 0.3 | H13: =(C13-25)+IF(C13<25,-C13+25) -> 0 | I13: 0.983 | J13: =B13*D13*E13*F13*I13/1000*(100-G13*H13)/100 -> 61.252381
A14: 0.45833333 | B14: 370 | C14: 23 | D14: 2.7 | E14: 0.2404 | F14: 400 | G14: 0.3 | H14: =(C14-25)+IF(C14<25,-C14+25) -> 0 | I14: 0.983 | J14: =B14*D14*E14*F14*I14/1000*(100-G14*H14)/100 -> 94.430755
... A26: 0.95833333 | B26: 0 | C26: 12 | D26: 2.7 | E26: 0.2404 | F26: 400 | G26: 0.3 | H26: =(C26-25)+IF(C26<25,-C26+25) -> 0 | I26: 0.983 | J26: =B26*D26*E26*F26*I26/1000*(100-G26*H26)/100 -> 0
J27: =SUM(J3:J26) -> 776.157
B29: =SUM(B3:B26)*31/1000 -> 94.55 | I29: TOPLAM | J29: =J27*31*0.95 -> 22857.824
B30: =B29*31 -> 2931.05
B31: 2851 | C31: Meteoroloji

Sheet KASIM
A2: Saat | B2: Işıma (W/m2) | C2: Sıcaklık (oC) | D2: Modül Alanı (m2) | E2: Modül Verimi | F2: Modül Sayısı | G2: Sıcaklık Katsayısı | H2: Sıcaklık Farkı | I2: İnverter Verimi | J2: Üretilen Güç (kW)
A3: 0 | B3: 0 | C3: 8 | D3: 2.7 | E3: 0.2404 | F3: 400 | G3: 0.3 | H3: =(C3-25)+IF(C3<25,-C3+25) -> 0 | I3: 0.983 | J3: =B3*D3*E3*F3*I3/1000*(100-G3*H3)/100 -> 0
A4: 0.041666667 | B4: 0 | C4: 8 | D4: 2.7 | E4: 0.2404 | F4: 400 | G4: 0.3 | H4: =(C4-25)+IF(C4<25,-C4+25) -> 0 | I4: 0.983 | J4: =B4*D4*E4*F4*I4/1000*(100-G4*H4)/100 -> 0
A5: 0.083333333 | B5: 0 | C5: 8 | D5: 2.7 | E5: 0.2404 | F5: 400 | G5: 0.3 | H5: =(C5-25)+IF(C5<25,-C5+25) -> 0 | I5: 0.983 | J5: =B5*D5*E5*F5*I5/1000*(100-G5*H5)/100 -> 0
A6: 0.125 | B6: 0 | C6: 7 | D6: 2.7 | E6: 0.2404 | F6: 400 | G6: 0.3 | H6: =(C6-25)+IF(C6<25,-C6+25) -> 0 | I6: 0.983 | J6: =B6*D6*E6*F6*I6/1000*(100-G6*H6)/100 -> 0
A7: 0.16666667 | B7: 0 | C7: 7 | D7: 2.7 | E7: 0.2404 | F7: 400 | G7: 0.3 | H7: =(C7-25)+IF(C7<25,-C7+25) -> 0 | I7: 0.983 | J7: =B7*D7*E7*F7*I7/1000*(100-G7*H7)/100 -> 0
A8: 0.20833333 | B8: 0 | C8: 7 | D8: 2.7 | E8: 0.2404 | F8: 400 | G8: 0.3 | H8: =(C8-25)+IF(C8<25,-C8+25) -> 0 | I8: 0.983 | J8: =B8*D8*E8*F8*I8/1000*(100-G8*H8)/100 -> 0
A9: 0.25 | B9: 0 | C9: 7 | D9: 2.7 | E9: 0.2404 | F9: 400 | G9: 0.3 | H9: =(C9-25)+IF(C9<25,-C9+25) -> 0 | I9: 0.983 | J9: =B9*D9*E9*F9*I9/1000*(100-G9*H9)/100 -> 0
A10: 0.29166667 | B10: 0 | C10: 8 | D10: 2.7 | E10: 0.2404 | F10: 400 | G10: 0.3 | H10: =(C10-25)+IF(C10<25,-C10+25) -> 0 | I10: 0.983 | J10: =B10*D10*E10*F10*I10/1000*(100-G10*H10)/100 -> 0
A11: 0.33333333 | B11: 50 | C11: 10 | D11: 2.7 | E11: 0.2404 | F11: 400 | G11: 0.3 | H11: =(C11-25)+IF(C11<25,-C11+25) -> 0 | I11: 0.983 | J11: =B11*D11*E11*F11*I11/1000*(100-G11*H11)/100 -> 12.760913
A12: 0.375 | B12: 120 | C12: 13 | D12: 2.7 | E12: 0.2404 | F12: 400 | G12: 0.3 | H12: =(C12-25)+IF(C12<25,-C12+25) -> 0 | I12: 0.983 | J12: =B12*D12*E12*F12*I12/1000*(100-G12*H12)/100 -> 30.626191
A13: 0.41666667 | B13: 210 | C13: 17 | D13: 2.7 | E13: 0.2404 | F13: 400 | G13: 0.3 | H13: =(C13-25)+IF(C13<25,-C13+25) -> 0 | I13: 0.983 | J13: =B13*D13*E13*F13*I13/1000*(100-G13*H13)/100 -> 53.595834
A14: 0.45833333 | B14: 320 | C14: 20 | D14: 2.7 | E14: 0.2404 | F14: 400 | G14: 0.3 | H14: =(C14-25)+IF(C14<25,-C14+25) -> 0 | I14: 0.983 | J14: =B14*D14*E14*F14*I14/1000*(100-G14*H14)/100 -> 81.669842
... A26: 0.95833333 | B26: 0 | C26: 8 | D26: 2.7 | E26: 0.2404 | F26: 400 | G26: 0.3 | H26: =(C26-25)+IF(C26<25,-C26+25) -> 0 | I26: 0.983 | J26: =B26*D26*E26*F26*I26/1000*(100-G26*H26)/100 -> 0
J27: =SUM(J3:J26) -> 609.97163
B29: =SUM(B3:B26)*30/1000 -> 71.7 | I29: TOPLAM | J29: =J27*30*0.95 -> 17384.192
B30: =B29*30 -> 2151
B31: 2039 | C31: Meteoroloji

Sheet ARALIK
A2: Saat | B2: Işıma (W/m2) | C2: Sıcaklık (oC) | D2: Modül Alanı (m2) | E2: Modül Verimi | F2: Modül Sayısı | G2: Sıcaklık Katsayısı | H2: Sıcaklık Farkı | I2: İnverter Verimi | J2: Üretilen Güç (kW)
A3: 0 | B3: 0 | C3: 6 | D3: 2.7 | E3: 0.2404 | F3: 400 | G3: 0.3 | H3: =(C3-25)+IF(C3<25,-C3+25) -> 0 | I3: 0.983 | J3: =B3*D3*E3*F3*I3/1000*(100-G3*H3)/100 -> 0
A4: 0.041666667 | B4: 0 | C4: 6 | D4: 2.7 | E4: 0.2404 | F4: 400 | G4: 0.3 | H4: =(C4-25)+IF(C4<25,-C4+25) -> 0 | I4: 0.983 | J4: =B4*D4*E4*F4*I4/1000*(100-G4*H4)/100 -> 0
A5: 0.083333333 | B5: 0 | C5: 6 | D5: 2.7 | E5: 0.2404 | F5: 400 | G5: 0.3 | H5: =(C5-25)+IF(C5<25,-C5+25) -> 0 | I5: 0.983 | J5: =B5*D5*E5*F5*I5/1000*(100-G5*H5)/100 -> 0
A6: 0.125 | B6: 0 | C6: 5 | D6: 2.7 | E6: 0.2404 | F6: 400 | G6: 0.3 | H6: =(C6-25)+IF(C6<25,-C6+25) -> 0 | I6: 0.983 | J6: =B6*D6*E6*F6*I6/1000*(100-G6*H6)/100 -> 0
A7: 0.16666667 | B7: 0 | C7: 5 | D7: 2.7 | E7: 0.2404 | F7: 400 | G7: 0.3 | H7: =(C7-25)+IF(C7<25,-C7+25) -> 0 | I7: 0.983 | J7: =B7*D7*E7*F7*I7/1000*(100-G7*H7)/100 -> 0
A8: 0.20833333 | B8: 0 | C8: 5 | D8: 2.7 | E8: 0.2404 | F8: 400 | G8: 0.3 | H8: =(C8-25)+IF(C8<25,-C8+25) -> 0 | I8: 0.983 | J8: =B8*D8*E8*F8*I8/1000*(100-G8*H8)/100 -> 0
A9: 0.25 | B9: 0 | C9: 6 | D9: 2.7 | E9: 0.2404 | F9: 400 | G9: 0.3 | H9: =(C9-25)+IF(C9<25,-C9+25) -> 0 | I9: 0.983 | J9: =B9*D9*E9*F9*I9/1000*(100-G9*H9)/100 -> 0
A10: 0.29166667 | B10: 0 | C10: 7 | D10: 2.7 | E10: 0.2404 | F10: 400 | G10: 0.3 | H10: =(C10-25)+IF(C10<25,-C10+25) -> 0 | I10: 0.983 | J10: =B10*D10*E10*F10*I10/1000*(100-G10*H10)/100 -> 0
A11: 0.33333333 | B11: 0 | C11: 8 | D11: 2.7 | E11: 0.2404 | F11: 400 | G11: 0.3 | H11: =(C11-25)+IF(C11<25,-C11+25) -> 0 | I11: 0.983 | J11: =B11*D11*E11*F11*I11/1000*(100-G11*H11)/100 -> 0
A12: 0.375 | B12: 60 | C12: 10 | D12: 2.7 | E12: 0.2404 | F12: 400 | G12: 0.3 | H12: =(C12-25)+IF(C12<25,-C12+25) -> 0 | I12: 0.983 | J12: =B12*D12*E12*F12*I12/1000*(100-G12*H12)/100 -> 15.313095
A13: 0.41666667 | B13: 140 | C13: 13 | D13: 2.7 | E13: 0.2404 | F13: 400 | G13: 0.3 | H13: =(C13-25)+IF(C13<25,-C13+25) -> 0 | I13: 0.983 | J13: =B13*D13*E13*F13*I13/1000*(100-G13*H13)/100 -> 35.730556
A14: 0.45833333 | B14: 220 | C14: 16 | D14: 2.7 | E14: 0.2404 | F14: 400 | G14: 0.3 | H14: =(C14-25)+IF(C14<25,-C14+25) -> 0 | I14: 0.983 | J14: =B14*D14*E14*F14*I14/1000*(100-G14*H14)/100 -> 56.148016
... A26: 0.95833333 | B26: 0 | C26: 6 | D26: 2.7 | E26: 0.2404 | F26: 400 | G26: 0.3 | H26: =(C26-25)+IF(C26<25,-C26+25) -> 0 | I26: 0.983 | J26: =B26*D26*E26*F26*I26/1000*(100-G26*H26)/100 -> 0
J27: =SUM(J3:J26) -> 400.69266
B29: =SUM(B3:B26)*31/1000 -> 48.67 | I29: TOPLAM | J29: =J27*31*0.95 -> 11800.399
B30: =B29*31 -> 1508.77
B31: 1568 | C31: Meteoroloji

Sheet AYLIK
A1: Aylar | B1: Üretilen Enerji (kWh)
A2: Ocak | B2: =OCAK!$J$29 -> 15859.135
A3: Şubat | B3: =ŞUBAT!$J$29 -> 21023.476
A4: Mart | B4: =MART!$J$29 -> 25446.796
A5: Nisan | B5: =NİSAN!$J$29 -> 35202.915
A6: Mayıs | B6: =MAYIS!$J$29 -> 42679.412
A7: Haziran | B7: =HAZİRAN!$J$29 -> 47680.837
A8: Temmuz | B8: =TEMMUZ!$J$29 -> 50252.45
A9: Ağustos | B9: =AĞUSTOS!$J$29 -> 44011.053
A10: Eylül | B10: =EYLÜL!$J$29 -> 34343.161
A11: Ekim | B11: =EKİM!$J$29 -> 22857.824
A12: Kasım | B12: =KASIM!$J$29 -> 17384.192
A13: Aralık | B13: =ARALIK!$J$29 -> 11800.399
A15: TOPLAM | B15: =SUM(B2:B13) -> 368541.65
