Workbook

Sheet OCAK
A2: Saat | B2: Rüzgar Hızı (m/s) | C2: Sıcaklık (oC) | D2: Hava Yoğunluğu (kg/m³) | E2: Rotor Alanı (m²) | F2: Türbin Sayısı | G2: Cp | H2: Verim | I2: Üretilen Güç (kW)
A3: 0 | B3: 5.2 | C3: 2 | D3: 1.225 | E3: 100 | F3: 5 | G3: 0.4 | H3: 0.9 | I3: =0.5*D3*E3*(B3^3)*G3*H3*F3/1000 -> 15.502032
A4: 0.041666667 | B4: 5.5 | C4: 5 | D4: 1.225 | E4: 100 | F4: 5 | G4: 0.4 | H4: 0.9 | I4: =0.5*D4*E4*(B4^3)*G4*H4*F4/1000 -> 18.342844
A5: 0.083333333 | B5: 5.8 | C5: 8 | D5: 1.225 | E5: 100 | F5: 5 | G5: 0.4 | H5: 0.9 | I5: =0.5*D5*E5*(B5^3)*G5*H5*F5/1000 -> 21.511098
A6: 0.125 | B6: 6.1 | C6: 1 | D6: 1.225 | E6: 100 | F6: 5 | G6: 0.4 | H6: 0.9 | I6: =0.5*D6*E6*(B6^3)*G6*H6*F6/1000 -> 25.024655
A7: 0.16666667 | B7: 6.4 | C7: 4 | D7: 1.225 | E7: 100 | F7: 5 | G7: 0.4 | H7: 0.9 | I7: =0.5*D7*E7*(B7^3)*G7*H7*F7/1000 -> 28.901376
A8: 0.20833333 | B8: 6.7 | C8: 7 | D8: 1.225 | E8: 100 | F8: 5 | G8: 0.4 | H8: 0.9 | I8: =0.5*D8*E8*(B8^3)*G8*H8*F8/1000 -> 33.159121
A9: 0.25 | B9: 7 | C9: 0 | D9: 1.225 | E9: 100 | F9: 5 | G9: 0.4 | H9: 0.9 | I9: =0.5*D9*E9*(B9^3)*G9*H9*F9/1000 -> 37.81575
A10: 0.29166667 | B10: 7.3 | C10: 3 | D10: 1.225 | E10: 100 | F10: 5 | G10: 0.4 | H10: 0.9 | I10: =0.5*D10*E10*(B10^3)*G10*H10*F10/1000 -> 42.889124
A11: 0.33333333 | B11: 7.6 | C11: 6 | D11: 1.225 | E11: 100 | F11: 5 | G11: 0.4 | H11: 0.9 | I11: =0.5*D11*E11*(B11^3)*G11*H11*F11/1000 -> 48.397104
A12: 0.375 | B12: 7.9 | C12: 9 | D12: 1.225 | E12: 100 | F12: 5 | G12: 0.4 | H12: 0.9 | I12: =0.5*D12*E12*(B12^3)*G12*H12*F12/1000 -> 54.35755
A13: 0.41666667 | B13: 8.1 | C13: 1 | D13: 1.225 | E13: 100 | F13: 5 | G13: 0.4 | H13: 0.9 | I13: =0.5*D13*E13*(B13^3)*G13*H13*F13/1000 -> 58.59137
A14: 0.45833333 | B14: 8.3 | C14: 3 | D14: 1.225 | E14: 100 | F14: 5 | G14: 0.4 | H14: 0.9 | I14: =0.5*D14*E14*(B14^3)*G14*H14*F14/1000 -> 63.039517
... A26: 0.95833333 | B26: 5.1 | C26: 1 | D26: 1.225 | E26: 100 | F26: 5 | G26: 0.4 | H26: 0.9 | I26: =0.5*D26*E26*(B26^3)*G26*H26*F26/1000 -> 14.624773
I27: =SUM(I3:I26) -> 820.0707
B29: =SUM(B3:B26)*31/1000 -> 4.9259 | I29: TOPLAM | J29: =I27*31*0.9 -> 22879.973
B30: =B29*31 -> 152.7029
B31: 1844 | C31: Meteoroloji

Sheet ŞUBAT
A2: Saat | B2: Rüzgar Hızı (m/s) | C2: Sıcaklık (oC) | D2: Hava Yoğunluğu (kg/m³) | E2: Rotor Alanı (m²) | F2: Türbin Sayısı | G2: Cp | H2: Verim | I2: Üretilen Güç (kW)
A3: 0 | B3: 5 | C3: 4 | D3: 1.225 | E3: 100 | F3: 5 | G3: 0.4 | H3: 0.9 | I3: =0.5*D3*E3*(B3^3)*G3*H3*F3/1000 -> 13.78125
A4: 0.041666667 | B4: 5.3 | C4: 4 | D4: 1.225 | E4: 100 | F4: 5 | G4: 0.4 | H4: 0.9 | I4: =0.5*D4*E4*(B4^3)*G4*H4*F4/1000 -> 16.413689
A5: 0.083333333 | B5: 5.6 | C5: 3 | D5: 1.225 | E5: 100 | F5: 5 | G5: 0.4 | H5: 0.9 | I5: =0.5*D5*E5*(B5^3)*G5*H5*F5/1000 -> 19.361664
A6: 0.125 | B6: 5.9 | C6: 3 | D6: 1.225 | E6: 100 | F6: 5 | G6: 0.4 | H6: 0.9 | I6: =0.5*D6*E6*(B6^3)*G6*H6*F6/1000 -> 22.643035
A7: 0.16666667 | B7: 6.2 | C7: 3 | D7: 1.225 | E7: 100 | F7: 5 | G7: 0.4 | H7: 0.9 | I7: =0.5*D7*E7*(B7^3)*G7*H7*F7/1000 -> 26.275662
A8: 0.20833333 | B8: 6.5 | C8: 4 | D8: 1.225 | E8: 100 | F8: 5 | G8: 0.4 | H8: 0.9 | I8: =0.5*D8*E8*(B8^3)*G8*H8*F8/1000 -> 30.277406
A9: 0.25 | B9: 6.8 | C9: 4 | D9: 1.225 | E9: 100 | F9: 5 | G9: 0.4 | H9: 0.9 | I9: =0.5*D9*E9*(B9^3)*G9*H9*F9/1000 -> 34.666128
A10: 0.29166667 | B10: 7.1 | C10: 5 | D10: 1.225 | E10: 100 | F10: 5 | G10: 0.4 | H10: 0.9 | I10: =0.5*D10*E10*(B10^3)*G10*H10*F10/1000 -> 39.459688
A11: 0.33333333 | B11: 7.4 | C11: 7 | D11: 1.225 | E11: 100 | F11: 5 | G11: 0.4 | H11: 0.9 | I11: =0.5*D11*E11*(B11^3)*G11*H11*F11/1000 -> 44.675946
A12: 0.375 | B12: 7.7 | C12: 10 | D12: 1.225 | E12: 100 | F12: 5 | G12: 0.4 | H12: 0.9 | I12: =0.5*D12*E12*(B12^3)*G12*H12*F12/1000 -> 50.332763
A13: 0.41666667 | B13: 7.9 | C13: 15 | D13: 1.225 | E13: 100 | F13: 5 | G13: 0.4 | H13: 0.9 | I13: =0.5*D13*E13*(B13^3)*G13*H13*F13/1000 -> 54.35755
A14: 0.45833333 | B14: 8 | C14: 20 | D14: 1.225 | E14: 100 | F14: 5 | G14: 0.4 | H14: 0.9 | I14: =0.5*D14*E14*(B14^3)*G14*H14*F14/1000 -> 56.448
... A26: 0.95833333 | B26: 5 | C26: 4 | D26: 1.225 | E26: 100 | F26: 5 | G26: 0.4 | H26: 0.9 | I26: =0.5*D26*E26*(B26^3)*G26*H26*F26/1000 -> 13.78125
I27: =SUM(I3:I26) -> 749.65667
H29: TOPLAM | I29: =I27*28*0.9 -> 18891.348
B31: 2295 | C31: Meteoroloji

Sheet MART
A2: Saat | B2: Rüzgar Hızı (m/s) | C2: Sıcaklık (oC) | D2: Hava Yoğunluğu (kg/m³) | E2: Rotor Alanı (m²) | F2: Türbin Sayısı | G2: Cp | H2: Verim | I2: Üretilen Güç (kW)
A3: 0 | B3: 4.8 | C3: 4 | D3: 1.225 | E3: 100 | F3: 5 | G3: 0.4 | H3: 0.9 | I3: =0.5*D3*E3*(B3^3)*G3*H3*F3/1000 -> 12.192768
A4: 0.041666667 | B4: 5.1 | C4: 4 | D4: 1.225 | E4: 100 | F4: 5 | G4: 0.4 | H4: 0.9 | I4: =0.5*D4*E4*(B4^3)*G4*H4*F4/1000 -> 14.624773
A5: 0.083333333 | B5: 5.4 | C5: 3 | D5: 1.225 | E5: 100 | F5: 5 | G5: 0.4 | H5: 0.9 | I5: =0.5*D5*E5*(B5^3)*G5*H5*F5/1000 -> 17.360406
A6: 0.125 | B6: 5.7 | C6: 3 | D6: 1.225 | E6: 100 | F6: 5 | G6: 0.4 | H6: 0.9 | I6: =0.5*D6*E6*(B6^3)*G6*H6*F6/1000 -> 20.417528
A7: 0.16666667 | B7: 6 | C7: 3 | D7: 1.225 | E7: 100 | F7: 5 | G7: 0.4 | H7: 0.9 | I7: =0.5*D7*E7*(B7^3)*G7*H7*F7/1000 -> 23.814
A8: 0.20833333 | B8: 6.3 | C8: 4 | D8: 1.225 | E8: 100 | F8: 5 | G8: 0.4 | H8: 0.9 | I8: =0.5*D8*E8*(B8^3)*G8*H8*F8/1000 -> 27.567682
A9: 0.25 | B9: 6.6 | C9: 4 | D9: 1.225 | E9: 100 | F9: 5 | G9: 0.4 | H9: 0.9 | I9: =0.5*D9*E9*(B9^3)*G9*H9*F9/1000 -> 31.696434
A10: 0.29166667 | B10: 6.9 | C10: 5 | D10: 1.225 | E10: 100 | F10: 5 | G10: 0.4 | H10: 0.9 | I10: =0.5*D10*E10*(B10^3)*G10*H10*F10/1000 -> 36.218117
A11: 0.33333333 | B11: 7.2 | C11: 7 | D11: 1.225 | E11: 100 | F11: 5 | G11: 0.4 | H11: 0.9 | I11: =0.5*D11*E11*(B11^3)*G11*H11*F11/1000 -> 41.150592
A12: 0.375 | B12: 7.5 | C12: 10 | D12: 1.225 | E12: 100 | F12: 5 | G12: 0.4 | H12: 0.9 | I12: =0.5*D12*E12*(B12^3)*G12*H12*F12/1000 -> 46.511719
A13: 0.41666667 | B13: 7.7 | C13: 15 | D13: 1.225 | E13: 100 | F13: 5 | G13: 0.4 | H13: 0.9 | I13: =0.5*D13*E13*(B13^3)*G13*H13*F13/1000 -> 50.332763
A14: 0.45833333 | B14: 7.8 | C14: 20 | D14: 1.225 | E14: 100 | F14: 5 | G14: 0.4 | H14: 0.9 | I14: =0.5*D14*E14*(B14^3)*G14*H14*F14/1000 -> 52.319358
... A26: 0.95833333 | B26: 4.8 | C26: 4 | D26: 1.225 | E26: 100 | F26: 5 | G26: 0.4 | H26: 0.9 | I26: =0.5*D26*E26*(B26^3)*G26*H26*F26/1000 -> 12.192768
I27: =SUM(I3:I26) -> 684.69406
B29: =SUM(B3:B26)*31/1000 -> 4.6283 | I29: TOPLAM | J29: =I27*31*0.9 -> 19102.964
B30: =B29*31 -> 143.4773
B31: 3308 | C31: Meteoroloji

Sheet NİSAN
A2: Saat | B2: Rüzgar Hızı (m/s) | C2: Sıcaklık (oC) | D2: Hava Yoğunluğu (kg/m³) | E2: Rotor Alanı (m²) | F2: Türbin Sayısı | G2: Cp | H2: Verim | I2: Üretilen Güç (kW)
A3: 0 | B3: 4.5 | C3: 4 | D3: 1.225 | E3: 100 | F3: 5 | G3: 0.4 | H3: 0.9 | I3: =0.5*D3*E3*(B3^3)*G3*H3*F3/1000 -> 10.046531
A4: 0.041666667 | B4: 4.8 | C4: 4 | D4: 1.225 | E4: 100 | F4: 5 | G4: 0.4 | H4: 0.9 | I4: =0.5*D4*E4*(B4^3)*G4*H4*F4/1000 -> 12.192768
A5: 0.083333333 | B5: 5 | C5: 3 | D5: 1.225 | E5: 100 | F5: 5 | G5: 0.4 | H5: 0.9 | I5: =0.5*D5*E5*(B5^3)*G5*H5*F5/1000 -> 13.78125
A6: 0.125 | B6: 5.3 | C6: 3 | D6: 1.225 | E6: 100 | F6: 5 | G6: 0.4 | H6: 0.9 | I6: =0.5*D6*E6*(B6^3)*G6*H6*F6/1000 -> 16.413689
A7: 0.16666667 | B7: 5.6 | C7: 3 | D7: 1.225 | E7: 100 | F7: 5 | G7: 0.4 | H7: 0.9 | I7: =0.5*D7*E7*(B7^3)*G7*H7*F7/1000 -> 19.361664
A8: 0.20833333 | B8: 5.9 | C8: 4 | D8: 1.225 | E8: 100 | F8: 5 | G8: 0.4 | H8: 0.9 | I8: =0.5*D8*E8*(B8^3)*G8*H8*F8/1000 -> 22.643035
A9: 0.25 | B9: 6.1 | C9: 4 | D9: 1.225 | E9: 100 | F9: 5 | G9: 0.4 | H9: 0.9 | I9: =0.5*D9*E9*(B9^3)*G9*H9*F9/1000 -> 25.024655
A10: 0.29166667 | B10: 6.3 | C10: 5 | D10: 1.225 | E10: 100 | F10: 5 | G10: 0.4 | H10: 0.9 | I10: =0.5*D10*E10*(B10^3)*G10*H10*F10/1000 -> 27.567682
A11: 0.33333333 | B11: 6.5 | C11: 7 | D11: 1.225 | E11: 100 | F11: 5 | G11: 0.4 | H11: 0.9 | I11: =0.5*D11*E11*(B11^3)*G11*H11*F11/1000 -> 30.277406
A12: 0.375 | B12: 6.7 | C12: 10 | D12: 1.225 | E12: 100 | F12: 5 | G12: 0.4 | H12: 0.9 | I12: =0.5*D12*E12*(B12^3)*G12*H12*F12/1000 -> 33.159121
A13: 0.41666667 | B13: 6.8 | C13: 15 | D13: 1.225 | E13: 100 | F13: 5 | G13: 0.4 | H13: 0.9 | I13: =0.5*D13*E13*(B13^3)*G13*H13*F13/1000 -> 34.666128
A14: 0.45833333 | B14: 6.9 | C14: 20 | D14: 1.225 | E14: 100 | F14: 5 | G14: 0.4 | H14: 0.9 | I14: =0.5*D14*E14*(B14^3)*G14*H14*F14/1000 -> 36.218117
... A26: 0.95833333 | B26: 4.5 | C26: 4 | D26: 1.225 | E26: 100 | F26: 5 | G26: 0.4 | H26: 0.9 | I26: =0.5*D26*E26*(B26^3)*G26*H26*F26/1000 -> 10.046531
I27: =SUM(I3:I26) -> 508.3246
B29: =SUM(B3:B26)*30/1000 -> 4.074 | I29: TOPLAM | J29: =I27*30*0.9 -> 13724.764
B30: =B29*30 -> 122.22
B31: 4771 | C31: Meteoroloji

Sheet MAYIS
A2: Saat | B2: Rüzgar Hızı (m/s) | C2: Sıcaklık (oC) | D2: Hava Yoğunluğu (kg/m³) | E2: Rotor Alanı (m²) | F2: Türbin Sayısı | G2: Cp | H2: Verim | I2: Üretilen Güç (kW)
A3: 0 | B3: 4.2 | C3: 4 | D3: 1.225 | E3: 100 | F3: 5 | G3: 0.4 | H3: 0.9 | I3: =0.5*D3*E3*(B3^3)*G3*H3*F3/1000 -> 8.168202
A4: 0.041666667 | B4: 4.5 | C4: 4 | D4: 1.225 | E4: 100 | F4: 5 | G4: 0.4 | H4: 0.9 | I4: =0.5*D4*E4*(B4^3)*G4*H4*F4/1000 -> 10.046531
A5: 0.083333333 | B5: 4.7 | C5: 3 | D5: 1.225 | E5: 100 | F5: 5 | G5: 0.4 | H5: 0.9 | I5: =0.5*D5*E5*(B5^3)*G5*H5*F5/1000 -> 11.446486
A6: 0.125 | B6: 5 | C6: 3 | D6: 1.225 | E6: 100 | F6: 5 | G6: 0.4 | H6: 0.9 | I6: =0.5*D6*E6*(B6^3)*G6*H6*F6/1000 -> 13.78125
A7: 0.16666667 | B7: 5.2 | C7: 3 | D7: 1.225 | E7: 100 | F7: 5 | G7: 0.4 | H7: 0.9 | I7: =0.5*D7*E7*(B7^3)*G7*H7*F7/1000 -> 15.502032
A8: 0.20833333 | B8: 5.5 | C8: 4 | D8: 1.225 | E8: 100 | F8: 5 | G8: 0.4 | H8: 0.9 | I8: =0.5*D8*E8*(B8^3)*G8*H8*F8/1000 -> 18.342844
A9: 0.25 | B9: 5.7 | C9: 4 | D9: 1.225 | E9: 100 | F9: 5 | G9: 0.4 | H9: 0.9 | I9: =0.5*D9*E9*(B9^3)*G9*H9*F9/1000 -> 20.417528
A10: 0.29166667 | B10: 5.9 | C10: 5 | D10: 1.225 | E10: 100 | F10: 5 | G10: 0.4 | H10: 0.9 | I10: =0.5*D10*E10*(B10^3)*G10*H10*F10/1000 -> 22.643035
A11: 0.33333333 | B11: 6.1 | C11: 7 | D11: 1.225 | E11: 100 | F11: 5 | G11: 0.4 | H11: 0.9 | I11: =0.5*D11*E11*(B11^3)*G11*H11*F11/1000 -> 25.024655
A12: 0.375 | B12: 6.3 | C12: 10 | D12: 1.225 | E12: 100 | F12: 5 | G12: 0.4 | H12: 0.9 | I12: =0.5*D12*E12*(B12^3)*G12*H12*F12/1000 -> 27.567682
A13: 0.41666667 | B13: 6.5 | C13: 15 | D13: 1.225 | E13: 100 | F13: 5 | G13: 0.4 | H13: 0.9 | I13: =0.5*D13*E13*(B13^3)*G13*H13*F13/1000 -> 30.277406
A14: 0.45833333 | B14: 6.6 | C14: 20 | D14: 1.225 | E14: 100 | F14: 5 | G14: 0.4 | H14: 0.9 | I14: =0.5*D14*E14*(B14^3)*G14*H14*F14/1000 -> 31.696434
... A26: 0.95833333 | B26: 4.2 | C26: 4 | D26: 1.225 | E26: 100 | F26: 5 | G26: 0.4 | H26: 0.9 | I26: =0.5*D26*E26*(B26^3)*G26*H26*F26/1000 -> 8.168202
I27: =SUM(I3:I26) -> 428.54384
B29: =SUM(B3:B26)*31/1000 -> 3.9711 | I29: TOPLAM | J29: =I27*31*0.9 -> 11956.373
B30: =B29*31 -> 123.1041
B31: 5791 | C31: Meteoroloji

Sheet HAZİRAN
A2: Saat | B2: Rüzgar Hızı (m/s) | C2: Sıcaklık (oC) | D2: Hava Yoğunluğu (kg/m³) | E2: Rotor Alanı (m²) | F2: Türbin Sayısı | G2: Cp | H2: Verim | I2: Üretilen Güç (kW)
A3: 0 | B3: 3.5 | C3: 4 | D3: 1.225 | E3: 100 | F3: 5 | G3: 0.4 | H3: 0.9 | I3: =0.5*D3*E3*(B3^3)*G3*H3*F3/1000 -> 4.7269688
A4: 0.041666667 | B4: 3.7 | C4: 4 | D4: 1.225 | E4: 100 | F4: 5 | G4: 0.4 | H4: 0.9 | I4: =0.5*D4*E4*(B4^3)*G4*H4*F4/1000 -> 5.5844933
A5: 0.083333333 | B5: 3.9 | C5: 3 | D5: 1.225 | E5: 100 | F5: 5 | G5: 0.4 | H5: 0.9 | I5: =0.5*D5*E5*(B5^3)*G5*H5*F5/1000 -> 6.5399198
A6: 0.125 | B6: 4.1 | C6: 3 | D6: 1.225 | E6: 100 | F6: 5 | G6: 0.4 | H6: 0.9 | I6: =0.5*D6*E6*(B6^3)*G6*H6*F6/1000 -> 7.5985403
A7: 0.16666667 | B7: 4.3 | C7: 3 | D7: 1.225 | E7: 100 | F7: 5 | G7: 0.4 | H7: 0.9 | I7: =0.5*D7*E7*(B7^3)*G7*H7*F7/1000 -> 8.7656468
A8: 0.20833333 | B8: 4.5 | C8: 4 | D8: 1.225 | E8: 100 | F8: 5 | G8: 0.4 | H8: 0.9 | I8: =0.5*D8*E8*(B8^3)*G8*H8*F8/1000 -> 10.046531
A9: 0.25 | B9: 4.7 | C9: 4 | D9: 1.225 | E9: 100 | F9: 5 | G9: 0.4 | H9: 0.9 | I9: =0.5*D9*E9*(B9^3)*G9*H9*F9/1000 -> 11.446486
A10: 0.29166667 | B10: 4.9 | C10: 5 | D10: 1.225 | E10: 100 | F10: 5 | G10: 0.4 | H10: 0.9 | I10: =0.5*D10*E10*(B10^3)*G10*H10*F10/1000 -> 12.970802
A11: 0.33333333 | B11: 5.1 | C11: 7 | D11: 1.225 | E11: 100 | F11: 5 | G11: 0.4 | H11: 0.9 | I11: =0.5*D11*E11*(B11^3)*G11*H11*F11/1000 -> 14.624773
A12: 0.375 | B12: 5.3 | C12: 10 | D12: 1.225 | E12: 100 | F12: 5 | G12: 0.4 | H12: 0.9 | I12: =0.5*D12*E12*(B12^3)*G12*H12*F12/1000 -> 16.413689
A13: 0.41666667 | B13: 5.5 | C13: 15 | D13: 1.225 | E13: 100 | F13: 5 | G13: 0.4 | H13: 0.9 | I13: =0.5*D13*E13*(B13^3)*G13*H13*F13/1000 -> 18.342844
A14: 0.45833333 | B14: 5.6 | C14: 20 | D14: 1.225 | E14: 100 | F14: 5 | G14: 0.4 | H14: 0.9 | I14: =0.5*D14*E14*(B14^3)*G14*H14*F14/1000 -> 19.361664
... A26: 0.95833333 | B26: 3.5 | C26: 4 | D26: 1.225 | E26: 100 | F26: 5 | G26: 0.4 | H26: 0.9 | I26: =0.5*D26*E26*(B26^3)*G26*H26*F26/1000 -> 4.7269688
I27: =SUM(I3:I26) -> 251.25325
B29: =SUM(B3:B26)*30/1000 -> 3.213 | I29: TOPLAM | J29: =I27*30*0.9 -> 6783.8376
B30: =B29*30 -> 96.39
B31: 6608 | C31: Meteoroloji

Sheet TEMMUZ
A2: Saat | B2: Rüzgar Hızı (m/s) | C2: Sıcaklık (oC) | D2: Hava Yoğunluğu (kg/m³) | E2: Rotor Alanı (m²) | F2: Türbin Sayısı | G2: Cp | H2: Verim | I2: Üretilen Güç (kW)
A3: 0 | B3: 3.2 | C3: 4 | D3: 1.225 | E3: 100 | F3: 5 | G3: 0.4 | H3: 0.9 | I3: =0.5*D3*E3*(B3^3)*G3*H3*F3/1000 -> 3.612672
A4: 0.041666667 | B4: 3.4 | C4: 4 | D4: 1.225 | E4: 100 | F4: 5 | G4: 0.4 | H4: 0.9 | I4: =0.5*D4*E4*(B4^3)*G4*H4*F4/1000 -> 4.333266
A5: 0.083333333 | B5: 3.6 | C5: 3 | D5: 1.225 | E5: 100 | F5: 5 | G5: 0.4 | H5: 0.9 | I5: =0.5*D5*E5*(B5^3)*G5*H5*F5/1000 -> 5.143824
A6: 0.125 | B6: 3.8 | C6: 3 | D6: 1.225 | E6: 100 | F6: 5 | G6: 0.4 | H6: 0.9 | I6: =0.5*D6*E6*(B6^3)*G6*H6*F6/1000 -> 6.049638
A7: 0.16666667 | B7: 4 | C7: 3 | D7: 1.225 | E7: 100 | F7: 5 | G7: 0.4 | H7: 0.9 | I7: =0.5*D7*E7*(B7^3)*G7*H7*F7/1000 -> 7.056
A8: 0.20833333 | B8: 4.2 | C8: 4 | D8: 1.225 | E8: 100 | F8: 5 | G8: 0.4 | H8: 0.9 | I8: =0.5*D8*E8*(B8^3)*G8*H8*F8/1000 -> 8.168202
A9: 0.25 | B9: 4.4 | C9: 4 | D9: 1.225 | E9: 100 | F9: 5 | G9: 0.4 | H9: 0.9 | I9: =0.5*D9*E9*(B9^3)*G9*H9*F9/1000 -> 9.391536
A10: 0.29166667 | B10: 4.6 | C10: 5 | D10: 1.225 | E10: 100 | F10: 5 | G10: 0.4 | H10: 0.9 | I10: =0.5*D10*E10*(B10^3)*G10*H10*F10/1000 -> 10.731294
A11: 0.33333333 | B11: 4.8 | C11: 7 | D11: 1.225 | E11: 100 | F11: 5 | G11: 0.4 | H11: 0.9 | I11: =0.5*D11*E11*(B11^3)*G11*H11*F11/1000 -> 12.192768
A12: 0.375 | B12: 5 | C12: 10 | D12: 1.225 | E12: 100 | F12: 5 | G12: 0.4 | H12: 0.9 | I12: =0.5*D12*E12*(B12^3)*G12*H12*F12/1000 -> 13.78125
A13: 0.41666667 | B13: 5.2 | C13: 15 | D13: 1.225 | E13: 100 | F13: 5 | G13: 0.4 | H13: 0.9 | I13: =0.5*D13*E13*(B13^3)*G13*H13*F13/1000 -> 15.502032
A14: 0.45833333 | B14: 5.3 | C14: 20 | D14: 1.225 | E14: 100 | F14: 5 | G14: 0.4 | H14: 0.9 | I14: =0.5*D14*E14*(B14^3)*G14*H14*F14/1000 -> 16.413689
... A26: 0.95833333 | B26: 3.2 | C26: 4 | D26: 1.225 | E26: 100 | F26: 5 | G26: 0.4 | H26: 0.9 | I26: =0.5*D26*E26*(B26^3)*G26*H26*F26/1000 -> 3.612672
I27: =SUM(I3:I26) -> 205.86773
B29: =SUM(B3:B26)*31/1000 -> 3.0969 | I29: TOPLAM | J29: =I27*31*0.9 -> 5743.7097
B30: =B29*31 -> 96.0039
B31: 6475 | C31: Meteoroloji

Sheet AĞUSTOS
A2: Saat | B2: Rüzgar Hızı (m/s) | C2: Sıcaklık (oC) | D2: Hava Yoğunluğu (kg/m³) | E2: Rotor Alanı (m²) | F2: Türbin Sayısı | G2: Cp | H2: Verim | I2: Üretilen Güç (kW)
A3: 0 | B3: 3.3 | C3: 4 | D3: 1.225 | E3: 100 | F3: 5 | G3: 0.4 | H3: 0.9 | I3: =0.5*D3*E3*(B3^3)*G3*H3*F3/1000 -> 3.9620542
A4: 0.041666667 | B4: 3.5 | C4: 4 | D4: 1.225 | E4: 100 | F4: 5 | G4: 0.4 | H4: 0.9 | I4: =0.5*D4*E4*(B4^3)*G4*H4*F4/1000 -> 4.7269688
A5: 0.083333333 | B5: 3.7 | C5: 3 | D5: 1.225 | E5: 100 | F5: 5 | G5: 0.4 | H5: 0.9 | I5: =0.5*D5*E5*(B5^3)*G5*H5*F5/1000 -> 5.5844933
A6: 0.125 | B6: 3.9 | C6: 3 | D6: 1.225 | E6: 100 | F6: 5 | G6: 0.4 | H6: 0.9 | I6: =0.5*D6*E6*(B6^3)*G6*H6*F6/1000 -> 6.5399198
A7: 0.16666667 | B7: 4.1 | C7: 3 | D7: 1.225 | E7: 100 | F7: 5 | G7: 0.4 | H7: 0.9 | I7: =0.5*D7*E7*(B7^3)*G7*H7*F7/1000 -> 7.5985403
A8: 0.20833333 | B8: 4.3 | C8: 4 | D8: 1.225 | E8: 100 | F8: 5 | G8: 0.4 | H8: 0.9 | I8: =0.5*D8*E8*(B8^3)*G8*H8*F8/1000 -> 8.7656468
A9: 0.25 | B9: 4.5 | C9: 4 | D9: 1.225 | E9: 100 | F9: 5 | G9: 0.4 | H9: 0.9 | I9: =0.5*D9*E9*(B9^3)*G9*H9*F9/1000 -> 10.046531
A10: 0.29166667 | B10: 4.7 | C10: 5 | D10: 1.225 | E10: 100 | F10: 5 | G10: 0.4 | H10: 0.9 | I10: =0.5*D10*E10*(B10^3)*G10*H10*F10/1000 -> 11.446486
A11: 0.33333333 | B11: 4.9 | C11: 7 | D11: 1.225 | E11: 100 | F11: 5 | G11: 0.4 | H11: 0.9 | I11: =0.5*D11*E11*(B11^3)*G11*H11*F11/1000 -> 12.970802
A12: 0.375 | B12: 5.1 | C12: 10 | D12: 1.225 | E12: 100 | F12: 5 | G12: 0.4 | H12: 0.9 | I12: =0.5*D12*E12*(B12^3)*G12*H12*F12/1000 -> 14.624773
A13: 0.41666667 | B13: 5.3 | C13: 15 | D13: 1.225 | E13: 100 | F13: 5 | G13: 0.4 | H13: 0.9 | I13: =0.5*D13*E13*(B13^3)*G13*H13*F13/1000 -> 16.413689
A14: 0.45833333 | B14: 5.4 | C14: 20 | D14: 1.225 | E14: 100 | F14: 5 | G14: 0.4 | H14: 0.9 | I14: =0.5*D14*E14*(B14^3)*G14*H14*F14/1000 -> 17.360406
... A26: 0.95833333 | B26: 3.3 | C26: 4 | D26: 1.225 | E26: 100 | F26: 5 | G26: 0.4 | H26: 0.9 | I26: =0.5*D26*E26*(B26^3)*G26*H26*F26/1000 -> 3.9620542
I27: =SUM(I3:I26) -> 220.31423
B29: =SUM(B3:B26)*31/1000 -> 3.1713 | I29: TOPLAM | J29: =I27*31*0.9 -> 6146.767
B30: =B29*31 -> 98.3103
B31: 5864 | C31: Meteoroloji

Sheet EYLÜL
A2: Saat | B2: Rüzgar Hızı (m/s) | C2: Sıcaklık (oC) | D2: Hava Yoğunluğu (kg/m³) | E2: Rotor Alanı (m²) | F2: Türbin Sayısı | G2: Cp | H2: Verim | I2: Üretilen Güç (kW)
A3: 0 | B3: 4 | C3: 4 | D3: 1.225 | E3: 100 | F3: 5 | G3: 0.4 | H3: 0.9 | I3: =0.5*D3*E3*(B3^3)*G3*H3*F3/1000 -> 7.056
A4: 0.041666667 | B4: 4.3 | C4: 4 | D4: 1.225 | E4: 100 | F4: 5 | G4: 0.4 | H4: 0.9 | I4: =0.5*D4*E4*(B4^3)*G4*H4*F4/1000 -> 8.7656468
A5: 0.083333333 | B5: 4.6 | C5: 3 | D5: 1.225 | E5: 100 | F5: 5 | G5: 0.4 | H5: 0.9 | I5: =0.5*D5*E5*(B5^3)*G5*H5*F5/1000 -> 10.731294
A6: 0.125 | B6: 4.9 | C6: 3 | D6: 1.225 | E6: 100 | F6: 5 | G6: 0.4 | H6: 0.9 | I6: =0.5*D6*E6*(B6^3)*G6*H6*F6/1000 -> 12.970802
A7: 0.16666667 | B7: 5.2 | C7: 3 | D7: 1.225 | E7: 100 | F7: 5 | G7: 0.4 | H7: 0.9 | I7: =0.5*D7*E7*(B7^3)*G7*H7*F7/1000 -> 15.502032
A8: 0.20833333 | B8: 5.5 | C8: 4 | D8: 1.225 | E8: 100 | F8: 5 | G8: 0.4 | H8: 0.9 | I8: =0.5*D8*E8*(B8^3)*G8*H8*F8/1000 -> 18.342844
A9: 0.25 | B9: 5.8 | C9: 4 | D9: 1.225 | E9: 100 | F9: 5 | G9: 0.4 | H9: 0.9 | I9: =0.5*D9*E9*(B9^3)*G9*H9*F9/1000 -> 21.511098
A10: 0.29166667 | B10: 6.1 | C10: 5 | D10: 1.225 | E10: 100 | F10: 5 | G10: 0.4 | H10: 0.9 | I10: =0.5*D10*E10*(B10^3)*G10*H10*F10/1000 -> 25.024655
A11: 0.33333333 | B11: 6.4 | C11: 7 | D11: 1.225 | E11: 100 | F11: 5 | G11: 0.4 | H11: 0.9 | I11: =0.5*D11*E11*(B11^3)*G11*H11*F11/1000 -> 28.901376
A12: 0.375 | B12: 6.7 | C12: 10 | D12: 1.225 | E12: 100 | F12: 5 | G12: 0.4 | H12: 0.9 | I12: =0.5*D12*E12*(B12^3)*G12*H12*F12/1000 -> 33.159121
A13: 0.41666667 | B13: 6.9 | C13: 15 | D13: 1.225 | E13: 100 | F13: 5 | G13: 0.4 | H13: 0.9 | I13: =0.5*D13*E13*(B13^3)*G13*H13*F13/1000 -> 36.218117
A14: 0.45833333 | B14: 7 | C14: 20 | D14: 1.225 | E14: 100 | F14: 5 | G14: 0.4 | H14: 0.9 | I14: =0.5*D14*E14*(B14^3)*G14*H14*F14/1000 -> 37.81575
... A26: 0.95833333 | B26: 4 | C26: 4 | D26: 1.225 | E26: 100 | F26: 5 | G26: 0.4 | H26: 0.9 | I26: =0.5*D26*E26*(B26^3)*G26*H26*F26/1000 -> 7.056
I27: =SUM(I3:I26) -> 464.33077
B29: =SUM(B3:B26)*30/1000 -> 3.909 | I29: TOPLAM | J29: =I27*30*0.9 -> 12536.931
B30: =B29*30 -> 117.27
B31: 4354 | C31: Meteoroloji

Sheet EKİM
A2: Saat | B2: Rüzgar Hızı (m/s) | C2: Sıcaklık (oC) | D2: Hava Yoğunluğu (kg/m³) | E2: Rotor Alanı (m²) | F2: Türbin Sayısı | G2: Cp | H2: Verim | I2: Üretilen Güç (kW)
A3: 0 | B3: 4.5 | C3: 4 | D3: 1.225 | E3: 100 | F3: 5 | G3: 0.4 | H3: 0.9 | I3: =0.5*D3*E3*(B3^3)*G3*H3*F3/1000 -> 10.046531
A4: 0.041666667 | B4: 4.8 | C4: 4 | D4: 1.225 | E4: 100 | F4: 5 | G4: 0.4 | H4: 0.9 | I4: =0.5*D4*E4*(B4^3)*G4*H4*F4/1000 -> 12.192768
A5: 0.083333333 | B5: 5.1 | C5: 3 | D5: 1.225 | E5: 100 | F5: 5 | G5: 0.4 | H5: 0.9 | I5: =0.5*D5*E5*(B5^3)*G5*H5*F5/1000 -> 14.624773
A6: 0.125 | B6: 5.4 | C6: 3 | D6: 1.225 | E6: 100 | F6: 5 | G6: 0.4 | H6: 0.9 | I6: =0.5*D6*E6*(B6^3)*G6*H6*F6/1000 -> 17.360406
A7: 0.16666667 | B7: 5.7 | C7: 3 | D7: 1.225 | E7: 100 | F7: 5 | G7: 0.4 | H7: 0.9 | I7: =0.5*D7*E7*(B7^3)*G7*H7*F7/1000 -> 20.417528
A8: 0.20833333 | B8: 6 | C8: 4 | D8: 1.225 | E8: 100 | F8: 5 | G8: 0.4 | H8: 0.9 | I8: =0.5*D8*E8*(B8^3)*G8*H8*F8/1000 -> 23.814
A9: 0.25 | B9: 6.3 | C9: 4 | D9: 1.225 | E9: 100 | F9: 5 | G9: 0.4 | H9: 0.9 | I9: =0.5*D9*E9*(B9^3)*G9*H9*F9/1000 -> 27.567682
A10: 0.29166667 | B10: 6.6 | C10: 5 | D10: 1.225 | E10: 100 | F10: 5 | G10: 0.4 | H10: 0.9 | I10: =0.5*D10*E10*(B10^3)*G10*H10*F10/1000 -> 31.696434
A11: 0.33333333 | B11: 6.9 | C11: 7 | D11: 1.225 | E11: 100 | F11: 5 | G11: 0.4 | H11: 0.9 | I11: =0.5*D11*E11*(B11^3)*G11*H11*F11/1000 -> 36.218117
A12: 0.375 | B12: 7.2 | C12: 10 | D12: 1.225 | E12: 100 | F12: 5 | G12: 0.4 | H12: 0.9 | I12: =0.5*D12*E12*(B12^3)*G12*H12*F12/1000 -> 41.150592
A13: 0.41666667 | B13: 7.4 | C13: 15 | D13: 1.225 | E13: 100 | F13: 5 | G13: 0.4 | H13: 0.9 | I13: =0.5*D13*E13*(B13^3)*G13*H13*F13/1000 -> 44.675946
A14: 0.45833333 | B14: 7.5 | C14: 20 | D14: 1.225 | E14: 100 | F14: 5 | G14: 0.4 | H14: 0.9 | I14: =0.5*D14*E14*(B14^3)*G14*H14*F14/1000 -> 46.511719
... A26: 0.95833333 | B26: 4.5 | C26: 4 | D26: 1.225 | E26: 100 | F26: 5 | G26: 0.4 | H26: 0.9 | I26: =0.5*D26*E26*(B26^3)*G26*H26*F26/1000 -> 10.046531
I27: =SUM(I3:I26) -> 596.17434
B29: =SUM(B3:B26)*31/1000 -> 4.4113 | I29: TOPLAM | J29: =I27*31*0.9 -> 16633.264
B30: =B29*31 -> 136.7503
B31: 2851 | C31: Meteoroloji

Sheet KASIM
A2: Saat | B2: Rüzgar Hızı (m/s) | C2: Sıcaklık (oC) | D2: Hava Yoğunluğu (kg/m³) | E2: Rotor Alanı (m²) | F2: Türbin Sayısı | G2: Cp | H2: Verim | I2: Üretilen Güç (kW)
A3: 0 | B3: 5 | C3: 4 | D3: 1.225 | E3: 100 | F3: 5 | G3: 0.4 | H3: 0.9 | I3: =0.5*D3*E3*(B3^3)*G3*H3*F3/1000 -> 13.78125
A4: 0.041666667 | B4: 5.3 | C4: 4 | D4: 1.225 | E4: 100 | F4: 5 | G4: 0.4 | H4: 0.9 | I4: =0.5*D4*E4*(B4^3)*G4*H4*F4/1000 -> 16.413689
A5: 0.083333333 | B5: 5.6 | C5: 3 | D5: 1.225 | E5: 100 | F5: 5 | G5: 0.4 | H5: 0.9 | I5: =0.5*D5*E5*(B5^3)*G5*H5*F5/1000 -> 19.361664
A6: 0.125 | B6: 5.9 | C6: 3 | D6: 1.225 | E6: 100 | F6: 5 | G6: 0.4 | H6: 0.9 | I6: =0.5*D6*E6*(B6^3)*G6*H6*F6/1000 -> 22.643035
A7: 0.16666667 | B7: 6.2 | C7: 3 | D7: 1.225 | E7: 100 | F7: 5 | G7: 0.4 | H7: 0.9 | I7: =0.5*D7*E7*(B7^3)*G7*H7*F7/1000 -> 26.275662
A8: 0.20833333 | B8: 6.5 | C8: 4 | D8: 1.225 | E8: 100 | F8: 5 | G8: 0.4 | H8: 0.9 | I8: =0.5*D8*E8*(B8^3)*G8*H8*F8/1000 -> 30.277406
A9: 0.25 | B9: 6.8 | C9: 4 | D9: 1.225 | E9: 100 | F9: 5 | G9: 0.4 | H9: 0.9 | I9: =0.5*D9*E9*(B9^3)*G9*H9*F9/1000 -> 34.666128
A10: 0.29166667 | B10: 7.1 | C10: 5 | D10: 1.225 | E10: 100 | F10: 5 | G10: 0.4 | H10: 0.9 | I10: =0.5*D10*E10*(B10^3)*G10*H10*F10/1000 -> 39.459688
A11: 0.33333333 | B11: 7.4 | C11: 7 | D11: 1.225 | E11: 100 | F11: 5 | G11: 0.4 | H11: 0.9 | I11: =0.5*D11*E11*(B11^3)*G11*H11*F11/1000 -> 44.675946
A12: 0.375 | B12: 7.7 | C12: 10 | D12: 1.225 | E12: 100 | F12: 5 | G12: 0.4 | H12: 0.9 | I12: =0.5*D12*E12*(B12^3)*G12*H12*F12/1000 -> 50.332763
A13: 0.41666667 | B13: 7.9 | C13: 15 | D13: 1.225 | E13: 100 | F13: 5 | G13: 0.4 | H13: 0.9 | I13: =0.5*D13*E13*(B13^3)*G13*H13*F13/1000 -> 54.35755
A14: 0.45833333 | B14: 8 | C14: 20 | D14: 1.225 | E14: 100 | F14: 5 | G14: 0.4 | H14: 0.9 | I14: =0.5*D14*E14*(B14^3)*G14*H14*F14/1000 -> 56.448
... A26: 0.95833333 | B26: 5 | C26: 4 | D26: 1.225 | E26: 100 | F26: 5 | G26: 0.4 | H26: 0.9 | I26: =0.5*D26*E26*(B26^3)*G26*H26*F26/1000 -> 13.78125
I27: =SUM(I3:I26) -> 749.65667
B29: =SUM(B3:B26)*30/1000 -> 4.623 | I29: TOPLAM | J29: =I27*30*0.9 -> 20240.73
B30: =B29*30 -> 138.69
B31: 2039 | C31: Meteoroloji

Sheet ARALIK
A2: Saat | B2: Rüzgar Hızı (m/s) | C2: Sıcaklık (oC) | D2: Hava Yoğunluğu (kg/m³) | E2: Rotor Alanı (m²) | F2: Türbin Sayısı | G2: Cp | H2: Verim | I2: Üretilen Güç (kW)
A3: 0 | B3: 5.2 | C3: 4 | D3: 1.225 | E3: 100 | F3: 5 | G3: 0.4 | H3: 0.9 | I3: =0.5*D3*E3*(B3^3)*G3*H3*F3/1000 -> 15.502032
A4: 0.041666667 | B4: 5.5 | C4: 4 | D4: 1.225 | E4: 100 | F4: 5 | G4: 0.4 | H4: 0.9 | I4: =0.5*D4*E4*(B4^3)*G4*H4*F4/1000 -> 18.342844
A5: 0.083333333 | B5: 5.8 | C5: 3 | D5: 1.225 | E5: 100 | F5: 5 | G5: 0.4 | H5: 0.9 | I5: =0.5*D5*E5*(B5^3)*G5*H5*F5/1000 -> 21.511098
A6: 0.125 | B6: 6.1 | C6: 3 | D6: 1.225 | E6: 100 | F6: 5 | G6: 0.4 | H6: 0.9 | I6: =0.5*D6*E6*(B6^3)*G6*H6*F6/1000 -> 25.024655
A7: 0.16666667 | B7: 6.4 | C7: 3 | D7: 1.225 | E7: 100 | F7: 5 | G7: 0.4 | H7: 0.9 | I7: =0.5*D7*E7*(B7^3)*G7*H7*F7/1000 -> 28.901376
A8: 0.20833333 | B8: 6.7 | C8: 4 | D8: 1.225 | E8: 100 | F8: 5 | G8: 0.4 | H8: 0.9 | I8: =0.5*D8*E8*(B8^3)*G8*H8*F8/1000 -> 33.159121
A9: 0.25 | B9: 7 | C9: 4 | D9: 1.225 | E9: 100 | F9: 5 | G9: 0.4 | H9: 0.9 | I9: =0.5*D9*E9*(B9^3)*G9*H9*F9/1000 -> 37.81575
A10: 0.29166667 | B10: 7.3 | C10: 5 | D10: 1.225 | E10: 100 | F10: 5 | G10: 0.4 | H10: 0.9 | I10: =0.5*D10*E10*(B10^3)*G10*H10*F10/1000 -> 42.889124
A11: 0.33333333 | B11: 7.6 | C11: 7 | D11: 1.225 | E11: 100 | F11: 5 | G11: 0.4 | H11: 0.9 | I11: =0.5*D11*E11*(B11^3)*G11*H11*F11/1000 -> 48.397104
A12: 0.375 | B12: 7.9 | C12: 10 | D12: 1.225 | E12: 100 | F12: 5 | G12: 0.4 | H12: 0.9 | I12: =0.5*D12*E12*(B12^3)*G12*H12*F12/1000 -> 54.35755
A13: 0.41666667 | B13: 8.1 | C13: 15 | D13: 1.225 | E13: 100 | F13: 5 | G13: 0.4 | H13: 0.9 | I13: =0.5*D13*E13*(B13^3)*G13*H13*F13/1000 -> 58.59137
A14: 0.45833333 | B14: 8.3 | C14: 20 | D14: 1.225 | E14: 100 | F14: 5 | G14: 0.4 | H14: 0.9 | I14: =0.5*D14*E14*(B14^3)*G14*H14*F14/1000 -> 63.039517
... A26: 0.95833333 | B26: 5.1 | C26: 4 | D26: 1.225 | E26: 100 | F26: 5 | G26: 0.4 | H26: 0.9 | I26: =0.5*D26*E26*(B26^3)*G26*H26*F26/1000 -> 14.624773
I27: =SUM(I3:I26) -> 820.0707
B29: =SUM(B3:B26)*31/1000 -> 4.9259 | I29: TOPLAM | J29: =I27*31*0.9 -> 22879.973
B30: =B29*31 -> 152.7029
B31: 1568 | C31: Meteoroloji

Sheet AYLIK
A1: Aylar | B1: Üretilen Enerji (kWh)
A2: Ocak | B2: =OCAK!$J$29 -> 22879.973
A3: Şubat | B3: =ŞUBAT!$I$29 -> 18891.348
A4: Mart | B4: =MART!$J$29 -> 19102.964
A5: Nisan | B5: =NİSAN!$J$29 -> 13724.764
A6: Mayıs | B6: =MAYIS!$J$29 -> 11956.373
A7: Haziran | B7: =HAZİRAN!$J$29 -> 6783.8376
A8: Temmuz | B8: =TEMMUZ!$J$29 -> 5743.7097
A9: Ağustos | B9: =AĞUSTOS!$J$29 -> 6146.767
A10: Eylül | B10: =EYLÜL!$J$29 -> 12536.931
A11: Ekim | B11: =EKİM!$J$29 -> 16633.264
A12: Kasım | B12: =KASIM!$J$29 -> 20240.73
A13: Aralık | B13: =ARALIK!$J$29 -> 22879.973
A15: TOPLAM | B15: =SUM(B2:B13) -> 177520.63
